No,cause-polity,case-question,unknow-data,unknow-reason,activity,tell
1,จําไม่ได้เลย เพิ่งเข้าใจทั้งหมดเมื่อไม่นานมานี้,กาๆ ไป จะได้เลือกตั้ง ไม่งั้นก็โดนเตะถ่วงไปเรื่อยๆ,หลักเกณฑ์วิธีการคํานวณหาสมาชิกสภาผู้แทนราษฎรแบบบัญชีรายชื่อ,อำนาจเบื้องหลังที่อยู่หลังรัฐบาลประยุทธ์,ช่วยตรวจสอบคดีเกี่ยวกับการเมืองที่ไม่ชัดเจน,"-มีคนจำนวนมากที่ยังไม่มีสิทธิ์ลงคะแนนในตอนนั้น เราควรมีการร่าง แก้ไข เพื่อให้คนรุ่นใหม่มีสิทธิ์ในการกำหนดอนาคตตัวเอง
-มีอีกหลายคนที่รับร่าง โดยไม่ได้มีความเข้าใจอย่างแท้จริง รับไปโดยโฆษณาชวนเชื่อว่าอยากให้บ้านเมืองสงบ หรือรับแล้วแก้ทีหลังได้
-รัฐบาลไม่ได้มีความจริงใจที่จะเผยแพร่ข้อมูลในเนื้อหารัฐธรรมนูญตั้งแต่แรก เอาแต่ใช้โฆษณาชวนเชื่อให้รับ
-คนเราเปลี่ยนใจได้ ไม่ใช่ตัดสินใจรับแล้วต้องรับไปตลอดชีวิตโดยไม่มีการเปลี่ยนแปลง กลับกัน ถ้ารัฐธรรมนูญนี้ยังเป็นที่ยอมรับอยู่ ยังมีความชอบธรรมอยู่ เราคงไม่กลับใจขอให้แก้รัฐธรรมนูญหรอก
-รัฐธรรมนูญควรถูกออกแบบมาเพื่อให้มีการปรับเปลี่ยนให้เข้ากับยุคสมัยนั้นๆ ไม่ควรถูกแช่แข็ง"
2,ลงเพราะคำโฆษณาที่จะพัฒนาประเทศ,เข้าใจว่า สว. มาจากการเลือกตั้งครึ่งหนึ่ง และสรรหาจากทุกกลุ่มอาชีพโดยคณะกรรมการในการสรรหามีความเป็นกลางแบบใน รธน. ฉบับก่อน,บทเฉพาะกาลทั้งหมดใน รธน. 60,อำนาจของกษัตริย์มากเกินความจำเป็นและงบประมาณของกษัตริย์ในหลายๆ ส่วนเกินความจำเป็น และไม่มีหลักฐานมากพอว่าใช้ในทางที่เกิดประโยชน์ต่อประชาชนทั้งประเทศ,ช่วยประชาสัมพันธ์ข้อเรียกร้องของผู้ชุมนุม,1. ช่วงนั้นเป็นเผด็จการ คนออกมาคัดค้านไม่ได้ ทำให้ความเห็นของคนในขณะนั้นถูกครอบงำด้วย propaganda 2. ความคิดคนเปลี่ยนตลอดเวลา ไม่ควรเอาผลการประชามติเก่ามาอ้าง
3,คิดว่าโอเค,เขาบอกว่าถ้าไม่เห็นชอบ ก็จะไม่ได้เลือกตั้ง,กฏหมายเรื่องสถาบันพระมหากษัตริย์ การเพิ่มพระราชอำนาจ และการจัดการทรัพย์สินของพระมหากษัตริย์,เห็นเจ้าหน้าที่รัฐบังคับใช้กฏหมายหลายมาตรฐาน,ติดตามข่าวสาร และส่งกำลังใจสนับสนุน,"1. ถ้าการทำประชามติไม่เป็นธรรม ประชาชนได้รับข้อมูลเพียงด้านเดียว อาจจะไม่สามารถเรียกว่าเป็นประชามติที่แท้จริงได้
2. ประชาชนอาจมีการเปลี่ยนใจ เมื่อเวลาผ่านไป หลังจากได้รับข้อมูลที่มากขึ้น จึงอาจะเป็นเหตุผลที่มีน้ำหนักเพียงพอที่จะแก้ไขรัฐธรรมนูญใหม่อีกรอบ ตามความเหมาะสม"
4,เชื่อตามที่บ้าน,เขาว่ารับแล้วจะได้จัดเลือกตั้ง :'(,กติกาการเลือกตั้ง การนับคะแนน,เห็นงบประมาณที่ผ่านออกมาแบบไม่เมคเซ้นส์,ติดตามข่าวสารของน้องๆ ที่ไปชุมนม,กฎหมายควรแก้ไขได้หากไม่สมเหตุสมผล
5,เชื่อมั่นความรู้ความสามารถของ สนช.,เขาให้รับๆ ไปก่อนจะได้มีการเลือกตั้ง,การแก้ไข รธน.ที่มีความซับซ้อนและทำได้ยาก,เห็นการใช้อำนาจเพื่อเอื้อประโยชน์ต่อกลุ่มทุนขนาดใหญ่ ทำให้ความเหลื่อมล้ำมากขึ้นในสังคม,ติดตามข่าวสารทางทวิตเตอร์มากขึ้น,กฎหมายสามารถแก้ไขและปรับปรุงได้ เพื่อให้สอดคล้องกับสภาวะการณ์ เฉกเช่นนานาอารยประเทศ ที่เปิดให้ทีการปรับแก้รัฐธรรมนูญ หรือกฎหมายประกอบรัฐธรรมนูญตามสภาพสังคมที่เปลี่ยนแปลง
6,ที่บ้านบอก,คิดว่าลงเห็นชอบแล้วจะมีการเลือกตั้ง,การจำกัดสิทธิ และเสรีภาพของประชาชนในการมีส่วนร่วมทางการเมือง,เห็นการกระทำที่ไม่สมเหตุสมผล และระยะเวลาการแก้ไข้ปัญหาที่ไม่เคยสำเร็จลุล่วง แย่ที่สุดคือการนำคนร่วมสถาบัน คนรู้จักที่ดูไม่มีความรู้ความสามารถมาทำงานที่ตัวเองไม่ถนัด,บริจาคเงินสนับสนุนการชุมนุม,ก่อนทำประชามติคิดว่ามีหลายคนที่ไม่ได้สนใจการเมือง เพราะตอนนั้นคิดแต่เพียงว่า คสช. ออกมาทำให้การประท้วงหายไป บ้านเมืองสงบสุข ไม่คิดว่า ทุกอย่างมันเป็นการวางแผนของเหล่าอำมาตย์และศักดินามาก่อน
7,บอกตรงว่าไม่ได้อ่านร่างหรือเรียนรู้ข้อมูลอะไรมาก่อนเลยด้วยซ้ำ พ่อแม่บอกให้การับก็กาไปตามเขาบอก ตอนนั้นยังไม่เข้าใจระบบและยังไม่เบิกเนตรมากพอ,คิดว่าเลือกแล้วจะมีการเลือกตั้งนายกรัฐมนตรีเกิดขึ้น,การทุจริตของรัฐบาลประยุทธ์ ทั้งก่อนและหลังการเลือกตั้ง,สิ่งที่คสชตั้งใจจะเข้ามาแก้ไข มาปราบปรามทุจริต กลับเป็นสิ่งที่เลวร้ายกว่าเก่า ไม่สนใจประชาชน สนใจแต่จัสติน,บอกกล่าวข่าวสารที่เป็นความจริง มีเหตุมีผลของตัวเนื้อข่าว,ก่อนทำมติรับร่างฯ มีวาทกรรมว่า เห็นชอบก่อน แก้ทีหลัง เพราะฉะนั้นไม่สามารถอ้างเสียงเห็นด้วยได้เต็มที่ เพราะหลายคนไม่ได้ข้อมูลรอบด้าน มีคนโดนจับ โดนคุกคามเมื่อรณรงค์ให้โหวตไม่รับ
8,พ่อแม่บอกว่าดี,คืออยากให้ประยุทธ์​ออกเลยเลือกๆไป,การเลือกนายกคนนอก,สมควรฉีก รธน. ฉบับนี้ทิ้ง เพราะเนื้อหาทุกส่วนให้ผลประโยชน์ต่อชนชั้นนำอย่างชัดเจน,เป็นท่อน้ำเลี้ยงให้กลุ่มนักศึกษา,การแก้ไขกฎหมายรัฐธรรมนูญเป็นเรื่องที่สามารถกระทำได้เพื่อให้เหมาะสมกับสถานการณ์ที่เปลี่ยนแปลงไป ซึ่งในรัฐธรรมนูญก็มีบทบัญญัติที่รองรับให้มีการแก้ไขได้ การผ่านประชามติไม่ได้หมายความว่าจะแก้ไขไม่ได้ เพราะในการทำประชามติ ก็มีทั้งคนเห็นด้วยและไม่เห็นด้วยกับร่างรัฐธรรมนูญ
9,พ่อแม่บอก,จำได้ว่ารองวิษณุบอกประมาณว่าให้รับไปก่อน แล้วจะได้เลือกตั้ง แล้วค่อยมาแก้รัฐธรรมนูญเอาทีหลัง,ข้อมูลเกี่ยวกับข้อกฎหมายที่ให้ลงมติ ว่าลงไปเพื่ออะไรและจะส่งผลอย่างไร,ลูกน้องใช้อำนาจของนาย ข่มชาวบ้านทั่วประเทศเพื่อประโยชน์ของตนและพวกพ้อง ยกตัวอย่างที่ดินแสมสารซึ่งเกิดข้อพิพาทในช่วงยุค คสช มีความประสงค์ที่จะยึดที่ดินของชาวบ้านเข้ากองทัพทั้งๆ ที่ชาวบ้านอยู่มานานกว่ากองทัพ,เป็นท่อน้ำเลี้ยงให้แก่กลุ่มผู้สนับสนุนประชาธิปไตย เช่น ศูนย์ทนายความเพื่อสิทธิมนุษยชน และกลุ่มเยาวชนบางกลุ่มที่สนับสนุนความเป็นประชาธิปไตย,การแก้ไขต้องสามารถเกิดขึ้นได้เสมอ เพราะกาลเวลาเปลี่ยนไป การแก้รัฐธรรมนูญให้เหมาะสมกับสถานภาพปัจจุบันเป็นสิ่งสำคัญที่สุด
10,เพราะต้องการให้การรัฐประหารจบลง,ต้องการให้เกิดการเลือกตั้ง,เนื้อหาในรัฐธรรมนูญและความหมายของคำถามพ่วงที่แท้จริง,เรียนนิติศาสตร์ ภาคบัณฑิต และเรียนวิชา กฎหมายมหาชน กฎหมายรัฐธรรมนูญ ประกอบกับการฟังข่าวสาร ทำให้มีความเข้าใจเรื่องดังกล่าวมากขึ้น,ยังไม่ได้ร่วมอะไร ได้เพียงแต่ติดตามข่าว สนับสนุนบริจาคสมทบช่วยเหลือผู้ออกไปชุมนุม,การแก้ไขรัฐธรรมนูญ เป็นเรื่องปกติ เพื่อให้ประเทศพัฒนาขึ้น แต่ต้องอยู่ภายใต้เสียงข้างมากอย่างแท้จริง การแก้ไขสามารถพิจารณาเพื่อแก้ไขได้ทุกข้อ ยกเว้นมาจากเสียงเพียงกลุ่มๆ นึงที่ไม่ถึง 50% ก็ไม่ควรแก้ไข
11,ไม่ทราบถึงความสำคัญ,ตอนนั้นคิดว่านายกประยุทธ์น่าจะเข้ามาแก้ไขและทำให้ดีขึ้น จากนั้นพอมีอำนาจก็เริ่มเปลี่ยนในทางที่แย่ลง ยึดแต่พวกพ้อง,แทบไม่ทราบข้อมูลอะไรเลย ทราบเพียงมีจับการรงณรงค์ไม่รับร่าง,ไม่อยากมีกษัตริย์ที่ไม่อยู่ใต้กฎหมายและไม่เห็นค่าราษฎร,ร่วมแสดงออกในช่องทางที่ทำได้ตามเงื่อนไขชีวิตของตนเอง เช่น การทำแบบฟอร์มนี้,การแก้ไขรัฐธรรมนูญเพื่อให้ประเทศไทยเปลี่ยนแปลงไปในทางที่ดีขึ้นก็ควรทำ
12,ไม่มีทางเลือกเพราะ ทางครอบครัวกลัวว่าหากลงไม่เห็นชอบอาจจะมีผลต่ออนาคต ซึ่ง ณ ตอนนั้นไม่ได้สนใจเรื่องการเมือง,ตอนนั้นยังเด็ก พ่อแม่บอกให้รับๆ ไป เพราะเขาเป็นคนดี จะได้ได้เลือกตั้ง,ประชาชนมีอำนาจในการถอดถอนผู้ดำรงตำแหน่งการเมืองและองค์กรอิสระน้อยลง,มีการสั่งให้ปรับแก้หลังจากเสนอขึ้นไปลงพระปรมาภิไธย,รอดูสถานการณ์ แต่สนับสนุนการเปลี่ยนแปลง,การทำประชามติ ฝ่ายที่ออกมาคัดค้านการเห็นชอบกับร่างรัฐธรรมนูญถูกจับ ถูกดำเนินคดี เท่ากับว่าเป็นการกำจัดคนที่เห็นต่างกับตัวเอง การลงประชามติจึงไม่เป็นธรรม
13,ลงตามคำบอกกล่าวของคนในครอบครัว,เนื่องจาก มีความเชื่อว่าตัองโหวดรับรัฐธรรมนูญ จึงจะมีการเลือกตั้ง,มีคนค้านร่างรัฐธรรมนูญฉบับนี้แล้วโดนจับ,มีการทุจริต​อย่างต่อเนื่อง,รอดูสถานการณ์ไปก่อน ให้กำลังใจกับผู้ชุมนุมนะ แต่ไม่ได้เห็นด้วยทุกเรื่อง ไม่ต้องการกระโดดลงไปร่วมด้วยความรู้สึกครึ่งๆ กลางๆ,การทำประชามติเกิดขึ้นในบรรยากาศที่คนอยากจะเลือกตั้งให้เร็วที่สุด การปิดปากและยัดข้อหาให้ผู้เผยแพร่ข้อเสียของรัฐธรรมนูญ
14,นึกว่าประยุทธ์​จะได้ไปไวๆ,ในวันที่มีการลงประชามติ มีการให้พิมพ์ลายนิ้วมือ ถึงแม้รัฐจะบอกว่าเป็นการตรวจสอบว่ามาใช้สิทธิจริงหรือไม่นั้น แต่ก็ทำให้ทางครอบครัวรู้สึกว่าหากเลือกไม่รับร่างไปแล้วจะทำให้มีปัญหาย้อนหลังจากการที่ได้ลงลายนิ้วมือหรือไม่ พูดง่ายๆ คือการที่ให้ลงลายนิ้วมือเหมือนถูกบังคับโดยนัยมากกว่าเป็นการตรวจสอบสิทธิ,ไม่คาดว่าคสช.จะใช้อำนาจในทางมิชอบได้ขนาดนี้ ตอนนั้นคิดว่าการรับร่างฯเป็นทางออกอย่างสันติในช่วงเวลาที่ประชาชนพร้อมจะฆ่ากันเพราะความเห็น​ต่าง,พรรคการเมืองทำผิดกฎหมายแล้วไม่ยอมรับ,ศึกษาการเมือง จากที่ไม่เคยสนใจว่าเกิดอะไรขึ้น จากเดิมที่มีคนบอกว่าการเมืองเป็นเรื่องสกปรก ตอนนี้เข้าใจแล้วว่าการเมืองคือหน้าที่พลเมือง,การทำประชามติในสถานการณ์ที่ไม่ปกติ มี ม.44 ควบคุมอยู่ ประชาชนที่เห็นต่างรณรงค์โหวต No ไม่ได้ สร้างภาพลักษณ์ให้กับคนที่เห็นต่างเป็นพวกก่อความวุ่นวาย
15,กลัวว่าพรรคเพื่อไทยและพรรคในเครือที่เคยอยู่ใต้การนำของทักษิณจะมีอำนาจเข้ามาบริหารประเทศ ตอนนั้นไม่คิดว่าประยุทธ์จะลงมาเป็นแคนดิเดตนายกฯ ซะเอง เลยรู้สึกเหมือนโดนหักหลัง,พ่อบอกให้โหวต yes,ไม่คิดว่ารัฐธรรมนูญฉบับนั้นให้อำนาจรัฐมากขนาดนี้,ทุกอย่างมันผิดปกติไปหมดไม่มีอะไรดีขึ้นเลยตั้งแต่เลือกตั้งเหมือนโดนหลอกซ้ำแล้วซ้ำเล่า,ศึกษาข้อมูลในอดีตและปัจจุบันมากขึ้น,การทำประชามติมีความไม่ชอบธรรม คนที่ค้านถูกจับ จึงไม่สามารถนำมาใช้ในการอ้างได้ ถ้าอยากยืนยันความชอบธรรมควรทำประชามติใหม่ไปเลยในสถาการณ์ปัจจุบัน
16,,คิดว่าน่าจะแก้ไขภายหลังได้ โหวตๆ ไปก่อน ไร้เดียงสามาก ไม่คิดว่าจะแก้ยากขนาดนี้,ไม่เคยคิดว่ารัฐธรรมนูญจะมีผลกระทบกับการดำเนินชีวิตขนาดนี้,ต้องการปฎิรูปสถาบัน,สนับสนุนการแก้ไขรัฐธรรมนูญ​,การทำประชามติเมื่อปี 59 นั้น มีผู้คนที่เห็นชอบในการร่างรัฐธรรมนูญปี 60 ยังขาดข้อมูลในการตัดสินใจ ทำให้การลงประชามตินั้นไม่สามารถนำมาสรุปผลได้ตามสมควร
17,,แม่บอกให้เลือกแบบนี้ (รู้สึกผิดแล้วค่ะต่อจากนี้จะอ่านและศึกษาให้ครบก่อน),ไม่ทราบว่าเมื่อมีเหตุการณ์ใดๆเกิดขึ้น จะไม่สามารถใช้ระบบรัฐสภาตรวจสอบและแก้ไขได้ และไม่ทราบว่าจะทำให้อำนาจตกไปอยู่ที่ฝ่ายใดฝ่ายหนึ่งมากเกินไป,ได้รู้รากเหง้าของคนดี,สนับสนุนการแก้รัฐธรรมนูญ ช่วยชี้แจงกับคนที่อาจจะยังไม่เข้าใจปัญหา,การทำประชามติรัฐธรรมนูญในครั้งนั้นไม่มีการอธิบายให้ประชาชนเข้าใจอย่างถี่ถ้วน ประชาชนที่รณรงค์ให้โหวตโนก็ถูกจับหรือดำเนินการทางกฎหมายต่างๆ ทำให้ไม่ได้รับข้อมูลในส่วนนั้น จึงมีผลต่อการตัดสินใจ
18,,ไม่เข้าใจในคำถามพ่วง แต่ ตัวร่างที่ส่งมาไม่มีอะไรผิดปกติ แต่อยากเลือกตั้ง,องค์กรอิสระมาจากคสช.,คิดได้ก่อนแล้ว แต่เหลืออด,สนับสนุนเมื่อลูกไปร่วมการชุมนุมถือเป็นตัวแทนคนในครอบครัว,การที่ไม่ได้นำเสนอรวมถึงปิดกั้นข้อมูลเกี่ยวกับรัฐธรรมนูญไม่สามารถนำมาอ้างได้ว่ารัฐธรรมนูญผ่านประชามติ
19,,"ไม่เข้าใจว่าผลของการเลือกครั้งนั้น คือ ให้อำนาจ สว มีสิทธิ์มากขนาดนี้ เช่น เลือกตั้งนายก, สกัดการแก้กฏหมายฯ และ เชื่อการรณรงค์ที่ว่าให้รับๆ ไปก่อน เดี๋ยวพอมีรัฐธรรมนูญแล้วสามารถแก้ไขได้ เพื่อให้ประเทศเดินหน้าจากการมี คสช",ไม่เคยรู้เลยว่าเรื่องการแก้รัฐธรรมนูญจะส่งผลอย่างไรบ้าง ข้อมูลที่รัฐบาลประชาสัมพันธ์น้อยและเข้าใจยาก,เข้าใจเหตุผลว่าทำไมคนเราเกี่ยวข้องกับการเมืองมากมายมหาศาลแค่ไหน,แสดงทัศนคติอย่างชัดเจนว่าไม่เห็นด้วยต่อรัฐธรรมนูญฉบับปัจจุบัน,การที่รัฐบาลปิดปากนักวิชาการ หรือ นักการเมือง ที่ออกมาให้ไม่รับร่างรัฐธรรมนูญ ทำให้ประชาชนขาดความรู้ ความเข้าใจได้การแบวางกลไกการสบทอดอำนาจไว้ในรัฐธรรมนูญของ ศสช เท่ากับว่ารัฐธรรมนูญฉบับนี้ไม่ความชอบธรรม เนื่องจากการรัฐบาล ลิดรอนเสรีภาพในการแสดงความคิดเห็น ที่จะไม่รับร่างรัฐธรรมนูญ ซึ่งขัดต่อระบอบการปกครองในระบอบประชาธิปไตย เมื่อรัฐธรรมนูญ ที่เกิดจากลิดรอนเสรีภาพ ของประชาชน ก็ถือรัฐธรรมนูญฉบับนี้ และ การทำประชามติรับร่างรัฐธรรมนูญฉบับนี้ เป็นโมฆะ ไม่มีความชอบธรรม
20,,ไม่ได้เลือก,,การสืบทอดอำนาจผ่านทางการใช้กฎหมายแต่งตั้ง สว. และความไม่เป็นธรรมของระบบยุติธรรม,แสดงออกต่อคนรอบตัวว่าไม่เห็นด้วยกับการคุกคามประชาชน,การประชาสัมพันธ์ให้ข้อมูลก่อนการประชามติไม่ได้สร้างความเข้าใจแก่ประชาชนอย่างแท้จริงและทั่วถึง จึงมีผลต่อการลงประชามติของประชาชน
21,,ไม่ได้สนใจการเมือง ที่บ้านเสื้อเหลืองกัน บอกต่อๆ กันให้มากาอันนี้,,การสั่งซื้ออาวุธ ยุทโธปกรณ์ จากจีน โดยไม่คำนึงถึงปัญหาปากท้องของประชาชน,อนุญาตให้ลูกเข้าร่วมการชุมนุมได้ตามที่ต้องการ และอนุญาตให้ลูกลงชื่อเสนอแก้ไขรัฐธรรมนูญกับ iLaw,การปรับปรุง แก้ไข คือหนทางการแก้ปัญหา ในวันนี้ประชาชนเห็นว่า รัฐธรรมนูญฉบับนี้ มีปัญหาและเอื้ออำนาจแก่ผู้ใช้อำนาจอย่างไม่เป็นธรรมต่อประชาชน แปลกหรือที่ประชาชนจะทวงติงการแก้ไขปัญหานี้ไม่ได้ ในเมื่ออำนาจอธิปไตยเป็นของปวงชนชาวไทย
22,,รับๆๆ ไปก่อน เดี๋ยวค่อยแก้ เดี๋ยวไม่มีเลือกตั้ง,,การแต่งตั้งญาติพี่น้องพวกพ้องเป็นส.ว. และคลิปหลุดของทนายความที่วางแผนกันไว้แล้ว,โอนเงินเข้าร่วมสมทบทุนกับคุณทราย,การเปลี่ยนใจจากสิ่งที่เคยเลือกไปก็เป็นเรื่องปกติเมื่อเห็นว่ามันไม่ได้ดีอย่างที่คิด
23,,รับข่าวสารเพียงว่า จะช่วยให้ได้เลือกตั้ง แล้วค่อยมาแก้ทีหลัง,,ก็แค่คนเสียผลประโยชน์มากกว่าทำเพื่อประโยชน์ของประชาชนคนไทย,,การผ่านประชามติในตอนนั้น มันไม่ได้หมายความว่ามันจะต้องคงอยู่ตลอดไป คนที่โหวตผ่านวันนั้น วันนี้อาจเปลี่ยนใจกันหมดแล้วก็ได้ ขนาด BREXIT ยังต้องโหวตซ้ำเลย
24,,รู้สึกว่า ถ้ารัฐธรรมนูญไม่ผ่าน ก็จะไม่มีทางหลุดจากเผด็จการทหารได้,,,,การผ่านร่างทำได้เกิดจากการหลอกลวงปิดบังบิดเบือนข้อมูลและขาดการเข้าถึงความรู้ในเนื้อหาร่างรัฐธรรมนูญและความเบื่อหน่ายไม่ใส่ใจของประชาชน
25,,เลือกตามพ่อ เพราะตอนนั้นไม่ได้ใส่ใจจะรับรู้เท่าไหร่,,,,"การลงประชามติครั้งนั้น ไม่มีการดีเบต ไม่มีความเห็นที่รอบได้ด้านพอ, สังคมมีการเปลี่ยนแปลง รธน.ก็ต้องเปลี่ยนแปลงได้ โดยเฉพาะเมื่อมีการเลือกตั้งแล้วพรรคการเมืองที่มีนโยบายแก้รธน.เมื่อรวมกันได้เสียงข้างมาก"
26,,เลือกตามพ่อแม่ ไม่ได้อ่านหรือคิดเอง “รับๆ ไป จะได้เลือกตั้ง”,,,,การลงประชามติไม่เป็นธรรม เคย Vote Yes แต่ปัจจุบันต้องการร่างรัฐธรรมนูญใหม่ คืนอำนาจการสถาปนารัฐธรรมนูญให้ประชาชนตัดสินใจใหม่ งบการทำประชามติและงบการร่างจากสสร.เป็นเพียงงบประมาณเล็กน้อย คืนอำนาจให้ประชาชน!!!
27,,เห็นบอกว่าถ้ารับร่างแล้วจะมีการเลือกตั้ง แต่ก็ถูกยื้อมาหลายปีจนปี 62 พึ่งจะจัดตั้ง แต่สุดท้ายก็เป็นการเลือกตั้งที่อืม อย่าเรียกว่า เลือกตั้ง เละเทะ เสียระบบ มันควรจะแก้รธน ก่อนค่อยมาเลือกตั้ง,,,,แก้ไขได้ถ้าทำให้ดีกว่าเดิม​ แต่เมื่อผ่านประชามติแล้วก็ควรเคารพประชามติ​ การแก้ทั้งฉบับจะทำให้เกิดวาระซ่อนเร้น​ แต่ถ้าแก้เป็นเรื่องๆแล้วถามความเห็นประชาชนจะเป็นการดีกว่าในการสร้างกติการ่วมกัน
28,,ให้มีใช้ก่อน มาแก้ไขทีหลังได้,,,,แก้ไขเพื่อที่ประชาชนจะได้รับประโยชน์สูงสุดเพื่อคุณภาพชีวิตขั้นพื้นฐานที่ดีขึ้นและสามารถทำได้จริง เกิดขึ้นจริง ก็สมควรแก้ไขค่ะ
29,,อยากเลือกตั้ง เบื่อคสช มีคนบอกแก้ได้ รับไปก่อนงั้นไม่มีเลือกตั้ง และไม่เข้าใจคำถามพ่วงด้วย,,,,ขอช่องทางที่ทำให้ประชาชมมีสิทธิ์ลงความคิดเห็นอีกครั้ง และสร้างความรู้ความเข้าใจก่อนลงความคิดเห็น ให้ทุกคนรับรู้แล้วเข้าใจถึงปัญหาก่อน แม้กระทั้งคนตั้งคำถาม และแก้ปัญหาให้เป็นที่ยอมรับในวงกว้าง ประเทศเราถึงผ่านปัญหานี้ไปได้ การบอกว่ารัฐธรรมนูญผ่านประชามติแล้วเหมือนคนเหล่านั้นมองข้ามปัญหาและข้อเรียกร้องของประชาชน นอกจากจะแก้ปัญหาไม่ได้ปัญหานั้นด็อาจจะบานปลายจนเกิดปัญหาที่ใหญ่กว่าวันนี้ได้
30,,อยากเลือกตั้งเร็วๆ,,,,ข้อมูลที่แจ้งให้ทราบตอนนั้นไม่มีรายละเอียดเพียงพอ ถ้ามีรายละเอียดว่ารัฐธรรมนูญจะไปทิศทางใด เช่น มีสว.สรรหาเอง มีกกต. ที่ตัดตั้งเอง ดังนั้นอาจจะมีคนลงคะแนนไม่เห็นด้วยกับประชามติมากกว่านี้
31,,อยากเลือกตั้งใหม่,,,,ข้ออ้าง คำถาม ในประชามติ เลี่ยงการใช้คำว่า ให้สว. มีเสียงเลือกนายก คำถาม 4 บรรทัดต้องการให้ ประชาชนหลงประเด็นจับไม่ได้   ปัจจุบันหากอำนาจธิปไตยเป็นของประชาชนก็ควรให้ประชาชนโหวตอีกครั้ง ในการ เพิกถอน
32,,อยากให้เกิดความสงบ และมีการเลือกตั้งใหม่ แต่ไม่ใช่เพื่อให้ประยุทธ์สืบทอดอำนาจ,,,,ก่อนการรับร่างนั้นไม่ได้มาด้วยชอบธรรม เนื่องจากคสชปิดกั้นการเผยแพร่ และการทำความเข้าใจของรัฐธรรมนูญ
33,,อยากให้มีการเลือกตั้งเร็วๆ,,,,เขาเหลืออาวุธที่จะใช้อ้างความชอบธรรมอยู่แค่ไม่กี่ชิ้น และอันนี้คือชิ้นที่ใหญ่ที่สุด
34,,อยากให้มีการเลือกตั้งไวไว เพราะถ้าเราโหวต NO ตอนนั้นก็เหมือนเข้าทาง คสช. ที่จะอยู่เพื่อเริ่มกระบวนการร่างรัฐธรรมนูญใหม่ ซึ่งมันก็จะยืดการเลือกคตั้งออกไปอีก,,,,เขียนได้ก็แก้ไขได้ลบได้ อะไรที่คิดว่าเหมาะสมเมื่อหลายปีก่อน อาจจะไม่เหมาะกับปัจจุบัน ก็ต้องปรับปรุง แก้ไข เปลี่ยนแปลงให้เหมาะสมได้
35,,อยากให้มีการเลือกตั้งใหม่​ โดยไม่เข้าใจว่าอำนาจ สว. จะมีผลขนาดที่เป็นอยู่ปัจจุบัน,,,,คนที่ลงประชามติไม่ใช่ทุกคนจะเห็นด้วย แต่ที่ลงก็อยากมีการเลือกตั้งโดยเร็ว แล้วรัฐบาลคสชก็บอกเองถ้าประชามติไม่ผ่านก็ไม่มีการเลือกตั้ง ส่วนรัฐธรรมนูญไม่ดีก็แก้ไขได้ภายหลัง คนไปลงประชามติก็ต้องการเลือกตั้ง แล้วหวังว่าจะได้รัฐบาลที่ตนเองเลือกมาแก้ไขรัฐธรรมนูญให้มันดีขึ้นกว่าฉบับนี้ครับ
36,,อยากให้ร่างฯ ผ่านเพื่อจะเข้าสู่กระบวนการเลือกตั้งโดยเร็ว,,,,คนส่วนมาก ไม่ใช่นักกฏหมาย ไม่เข้าใจรัฐธรรมนูญเพียงพอ​ มีแจกมาให้อ่าน น้อยคนที่จะอ่านทั้งเล่ม อ่านไปก็ไม่เข้าใจภาษากฏหมาย  ไม่มีการทำสรุปแต่ละประเด็นให้เข้าใจได้ง่าย จึงลงรับไปเพราะอยากให้ประเทศเดินต่อ
37,,คิดว่าไม่น่าชนะมาถึงข้อนี้ได้หรอก 5555 พลาดมากอะ... พลาดมากจริงๆรู้สึกขอโทษทุกคน TT,,,,คนโหวตผ่าน อาจจะเพียงเพื่อให้ดำเนินการต่อได้ในตอนนั้น ส่วนมากไม่ได้ศึกษาข้อมูลและทำความเข้าใจรูปแบบการเมืองอย่างถี่ถ้วน จนกระทั่งได้เห็นปัญหาจากการใช้กฏหมายที่ไม่เหมาะสมในตอนนี้
38,,อ่านคำถามแล้ว เห็นข้อดี แต่ไม่คิดว่าคนเลือก ส.ว. จะลงสมัครเป็นนายกเสียเอง,,,,ควรแก้ไขได้ในเมื่อสถานการณ์ปัจจุบันไม่ว่าจะทางใดประเทศชาติไปต่ออยากลำบากทั้งในทางเศรษฐกิจปากท้องของปชชและทุกๆด้านรวมถึงการใช้กฏหมายเล่นงานฝ่ายตรงข้ามรัฐบาลอย่างเห็นได้ชัดเจน
39,,,,,,ควรแก้ไขใหม่ตามคำเรียกร้องของประชาชนในปีปัจจุบัน
40,,,,,,ควรต้องแก้ครับ ตอนนั้นได้รับข้อมูลน้อยมากครับ รู้สึกพลาดที่นำมาสู่ช่องโหว่ที่ใหญ่ขนาดนี้
41,,,,,,ควรปรับเปลี่ยนได้ตามสถานการณ์จริง หากบังคับใช้ไปแล้วและเกิดปัญหา
42,,,,,,ควรพิจารณาจากสถานการณ์ปัจจุบันแล้วดูความบิดเบี้ยวของรัฐธรรมนูญและรัฐบาลไทยว่ามันเละเทะขนาดไหน
43,,,,,,ควรยึดหลักประชาธิปไตยและประชาชน เป็นหลัก ในเมื่อ รัฐธรรมนูญ แย่ขนาดนี้ ควรทำการลงประชามติใหม่
44,,,,,,ความคิดของคนเปลี่ยนแปลงได้ตลอดเวลา ลงประชามติใหม่ตอนนี้อาจไม่ได้เท่าเดิม
45,,,,,,ความคิดความเชื่อคนเราเปลี่ยนได้ถ้าได้รับข้อมูลที่เพียงพอและรอบด้าน
46,,,,,,คำถามในการทำประชามติมีความเข้าใจยากเกินไป คนทั่วไปไม่ทราบถึงข้อดีข้อเสียที่จะตามมา คนที่ไปลงคะแนนเพียงเพราะอยากเลือกตั้ง และมองว่าหากประชามติไม่ผ่านก็ต้องไปปรับแก้รธน.ใหม่มันเสียเวลา คสช.อยู่นานเกินไปแล้ว รวมถึงตอนนั้นที่คสช.มีอำนาจมาก สื่อต่างๆถูกจำกัด แม้ว่ามีนักกิจกรรม นักกม.ได้ออกมาพูดถึงข้อเสียแล้ว แต่วงคนที่รับรู้มันไม่มากพอ ดังนั้นประชามตินี้จึงมาจากการหลอกลวงของคสช. การเปิดให้ประชาชนรับสารเพียงด้านเดียว จึงไม่ชอบธรรมด้วยประการทั้งปวง และยิ่งเมื่อทราบว่าการทำประชามตินี้ ไม่ใช่เสียงส่วนใหญ่ของประเทศ จึงไม่สามารถจัดว่าเป็นประชามติได้อีกต่อไป
47,,,,,,คำถามพ่วงที่ไม่ชัดเจน ไม่ตรงไปตรงมา เหมือนถูกหลอกให้ลงเห็นชอบ และยิ่งตอกย้ำจากหลักฐานทั้งคลิปจากคนที่มีส่วนเกี่ยวข้องกับการตั้งคำถามพ่วง ว่ากติกานี้ออกแบบมาเพื่อคนบางกลุ่ม ทั้งผลการเลือกตั้ง ทั้งการใช้กฎหมายเล่นงานอีกฝ่าย ถามว่าคิดยังไง? แน่นอนคนที่ได้ประโยชน์ย่อมไม่อยากเปลี่ยนแปลงอะไรอยู่แล้ว เป็นพวกเห็นแก่ตัว ยอมเอาชนะด้วยวิธีที่สกปรก
48,,,,,,คิดว่า 16 ล้านเสียงนั้นได้มาโดยความเข้าใจที่ไม่ถูกต้อง ขาดการประชาสัมพันธ์ข้อมูลที่ละเอียดและสำคัญ และก็มีข่าวการคุกคามคนที่ออกเสียงไม่เห็นชอบอีกด้วย อาจนำมาซึ่งคำว่า รับๆไปเถอะ จะได้ไม่มีเรื่อง สุดท้าย ส่วนตัวคิดว่ายังมีการโกงคะแนนเหมือนกันกับโกงเลือกตั้งครั้งล่าสุดด้วย
49,,,,,,คิดว่า รัฐธรรมนูญควรแก้ไขให้ทันสมัย ตามยุค และมองว่าการลงประชามติรัฐธรรมนูญ ปี 2560 มีการปิดกั้นการพูดถึงข้อเสีย มครพูดถึง รณรงค์ ไม่รับ จะถูกจับติดคุก
50,,,,,,คิดว่า หากรัฐธรรมนูญที่ผ่านประชามติ และมีการนำมาใช้แล้วไม่เหมาะสมหรือดูไม่มีความเสมอภาค ควรมีการแก้ไขได้
51,,,,,,คิดว่าการตอบตกลงกับสิ่งใดสิ่งหนึ่งควรมีระยะเวลาที่ปรับปรุงแก้ไขได้ ไม่ใช่ทำไปครั้งนึงแล้วเอาอันนั้นตลอดไป
52,,,,,,คิดว่าคนเราสามารถเปลี่ยนความคิดได้เมื่อก่อนเราอาจคิดว่าแบบนั้นดีแล้วแต่พอเวลาผ่านไปได้เรียนรู้อะไรมากขึ้นทำให้ความคิดที่เคยมีเปลี่ยนไปได้
53,,,,,,คิดว่าตอนรับร่างนั้นยังไม่ได้นำมาใช้จริง แต่เมื่อนำรัฐธรรมนูญ​มาใช้จริงแล้วทำให้เกิดปัญหา และคำถาม ก็เป็นเรื่องปกติที่จะแก้ไขใหม่ได้
54,,,,,,คิดว่าตอนลงประชามติยังไม่มีรายละเอียดมากพอที่จะทำให้ประชาชนทราบอย่างทั่วถึง บางคนลงไปแล้วยังไม่รู้ว่าคืออะไรก็มี
55,,,,,,คิดว่าถ้าการลงประชามติที่ไม่ได้มีการกระจ่ายข่าว ให้ข้อมูลอย่างโปร่งใส เพียงพอในการรับข้อมูลว่าร่างรัฐธรรมนูญฉบับลงประชามติมีเนื้อเป็นอย่างไร ถือว่าไม่เป็นรัฐธรรมนูญประชาธิปไตยโดยแท้ เพราะได้รับการลงประชามติโดยไม่ชอบ จำเป็นต้องยกเลิกและแก้ไขโดยมิชักช้า
56,,,,,,คิดว่าถ้าอะไรที่มันไม่ดีเราก็ควรที่จะต้องแก้ไข เพื่อให้มันดีและเป็นธรรมที่สุดกับทุกฝ่าย การลงประชามติแล้วก็ใช่ว่าจะเป็นเสียงที่เห็นชอบจากคนทั้งประเทศเช่นกัน มันจึงควรแก้ไขได้ หรือเปลี่ยนแปลงได้เพื่อประโยชน์สูงสุดกับประชาชน มิใช่ใครคนใดคนหนึ่ง หรือกลุ่มหนึ่ง
57,,,,,,คิดว่าในตอนนั้นประชาชนอาจจะได้รับข้อมูลไม่มากพอ ซึ่งปัจจุบันได้รับข้อมูลข่าวสารมากขึ้น รวมถึงได้เห็นการกระทำที่รัฐคุกคามประชาชน ทำให้ได้เห็นว่ารัฐธรรมนูญปี2560 ได้จัดทำขึ้นเพื่อเอื้อต่อการต่ออำนาจของคสช.
58,,,,,,คิดว่าประชาชนไม่มีทางเลือก และได้รับข้อมูลจากฝ่ายตรงข้ามไม่เพียงพอต่อการตัดสินใจ
59,,,,,,คิดว่าประชามติครั้งนั้นมีปัญหามากๆ ผมเองก็เป็นส่วนหนึ่งของคนที่ไม่ได้ทราบข้อเท็จจริงทั้งหมด ทั้งตอนนั้นฉบับเก่าก็ถูกฉีกไปแล้ว เราไม่รู้เลยว่าถ้าฉบับนี้ไม่ผ่านจะเกิดอะไรขึ้น
60,,,,,,คิดว่าประชามติไม่ได้ให้ข้อมูลเพียงพอ เมื่อมีข้อมูลแล้ว ก็ประชามติใหม่ได้ ทำมาแล้วถ้ามันไม่ดีก็แก้ไขได้ ไม่มีอะไรที่แก้ไขไม่ได้
61,,,,,,คิดว่าเป็นการผ่านประชามติที่ไม่เป็นธรรม เพราะได้มาตามข่าวตอนหลังถึงได้รู้ว่าตอนนั้นมีคนโดนจับเพราะไปรณรงค์ให้โหวตno
62,,,,,,มันไม่ใช่เหตุผลที่ไม่ทำให้เกิดการแก้ไข ทำประชามติแล้วก็สามารถทำได้ใหม่ ความคิดของคนเราเปลี่ยนได้ทุกวันจากข้อมูลที่ได้รับ รธน.เกิดปัญหามากมายเช่น ความไม่ชัดเจนของกกต.กับสูตรการคำนวณสส. สว.คือปัญหาของชาติ
63,,,,,,คิดว่ายังไงต้องเเก้ครับ เพราะอยากให้ ปชช. ได้ประโยชน์สูงสุดจาก รธน.
64,,,,,,คิดว่ารัฐธรรมนูญ60คนไม่ได้เข้าใจถึงมันอย่างแท้จริงก่อนลงมติเห็นชอบ
65,,,,,,รัฐธรรมนูญฉบับนี้ได้มาโดยมิชอบ เพราะได้มีการจับคนที่ออกมาเรียกร้องในการค้านรัฐธรรมนูญฉบับนี้ ถือเป็นการปิดปากประชาชนที่เห็นต่าง ทำให้เกิดปัญหาในการเลือกนายกที่ไม่เป็นธรรม
66,,,,,,โลกมีการเปลี่ยนแปลงตลอดเวลา การที่ยึดติดกับสิ่งเดิมๆที่สร้างความไม่เท่าเทียม มีจุดบกพร่องในการใช้ สามารถที่จะมีการปรับปรุง แก้ไขให้ดีขึ้น และเหมาะสมได้
67,,,,,,คิดว่าสร้างมาได้ก็ต้องแก้ได้เพื่อนการอยู่ร่วมของคนในส่วนรวมหากรู้สึกว่ามีปัญหา
68,,,,,,คิดว่าอะไรที่มันไม่เป็นธรรมมันควรได้รับการแก้ไข
69,,,,,,คิดว่าอะไรที่ล้มเหลวก็ควรแก้ไข
70,,,,,,จริงๆแล้วเห็นว่าไม่ว่ารัฐธรรมนูญจะกำหนดโดยใคร ผ่านประชามติหรือไม่ สมควรแก้ไขได้ทุกกรณี
71,,,,,,เจตนาในการทำประชามติปี 59 เน้นเรื่องความสงบของประเทศ แต่ศักยภาพของทีมรัฐบาลตามเป้าหมายที่ประชาชนคาดหวัง 1. ไม่มีการกำหนดแน่ชัด 2. ไม่มีสิ่งชี้วัดที่เป็นรูปธรรม 3. อยากให้รัฐบาลสรุปผลการดำเนินงานย้อนหลังเชิงปริมาณและเชิงคุณภาพเพื่อทำความเข้าใจกับประชาชน เป็น electronic หรือรายงานกระดาษก็ได้
72,,,,,,ช่วงเวลา 4 ปี ผ่านไป บริบทเปลี่ยน ความคิดจึงเปลี่ยน เสียงของประชาชนในช่วงเวลาปัจจุบันที่สะท้อนความคิดต่ออนาคตจึงเปลี่ยนตาม เมื่อประชาชนไม่เห็นด้วยกับรัฐธรรมนูญในระบอบประชาธิปไตยที่ผ่านประชามติจึงสมควรถูกแก้ไขโดยประชาชน ไม่ใช่ทหาร
73,,,,,,เชื่อว่าคนส่วนใหญ่ไปลงประชามติเพราะอยากให้มีการเลือกตั้งโดยเร็วที่สุด เห็นได้จากผลการเลือกตั้งที่ตามจริงแล้วพรรคฝ่ายค้านรวมถึงพรรคที่หาเสียงว่าไม่เอาพลเอกประยุทธ์ มีจำนวนประชาชนเลือกมากที่สุด อีกทั้งการให้ความรู้เรื่องร่างรัฐธรรมนูญมีการให้ข้อมูลเพียงฝ่ายเดียว กลุ่มผู้ที่รณรงค์ไม่รับร่าง ถูก คสช ดำเนินคดี
74,,,,,,เชื่อว่าที่ผ่านประชามติได้เพราะยังมีประชาชนหลายคนที่ไม่ได้เข้าใจเนื้อหาข้อมูลอย่างแท้จริง
75,,,,,,เชื่อว่ารัฐธรรมนูญ​ไม่ควรเปลี่ยนแปลง ควรเปลี่ยนบางบทให้เหมาะสมกันสภาวการณ์​ในปัจจุบัน แต่หากรัฐธรรมนูญ​ที่ถูกทำให้เข้าใจผิด และสาระสำคัญแตกต่างจากเดิมที่มีประชามติอย่างมีนัยสำคัญ ก็ควรมีการแก้ไขโดยด่วน
76,,,,,,ณ ขณะที่มีประชามติ รัฐธรรมนูญยังไม่เคยถูกทดลองใช้ แต่หากลองใช้แล้วมีปัญหา รวมถึงกลายเป็นเครื่องมือของผู้มีอำนาจ (ซึ่งเชื่อว่าทุกคนเห็นตั้งแต่ช่วงการเลือกตั้ง) ประชาชนกลายเป็นเหยื่อ ก็ควรจะเปลี่ยน ไม่ใช่ทู่ซี้ใช้ไปเรื่อย ๆ
77,,,,,,ตราบใดที่มาจากประชาชนจริงๆ เวลาแก้ไขไหมก็ไม่น่ามีปัญหาอะไรเพราะรัฐธรรมนูญคือเสียงสะท้อนประชาชน
78,,,,,,ต้องถามก่อนว่าในสมัยนั้นประชาชนแทบเข้าถึงข้อมูลไม่ได้เลยเมื่อเทียบกับตอนนี้ การเข้าถึงข้อมูลต่างๆล้วนส่งผลโดยตรงกับการตัดสินใจ ดังนั้นเมื่อเวลาผ่านมานานขนาดนี้แล้ว การปรับปรุงแก้ไขในสิ่งที่ไม่ยุติธรรมก็เป็นเรื่องที่สมควรทำเมื่อถึงเวลาไหม ถ้าเปิดใจรับฟังกันจริงๆก็ควรให้ทำประชามติอีกรอบไปเลย
79,,,,,,ต้องทำความเข้าใจก่อนว่าในขณะนั้นเป็นการรณรงค์ที่ไม่ปกติ คนที่เห็นด้วยรณรงค์ได้อย่างเต็มที่ ต่างจากคนที่ไม่เห็นด้วยและกลับโดนดำเนินคดี เพราะฉะนั้นจึงเป็นการรับข้อมูลที่ไม่เพียงพอ
80,,,,,,ตอนที่ให้ลงประชามติมหาวิทยาลัยบางแห่งบอกเด็กปี1ว่าให้ไปทำกิจกรรมของมหาลัยแต่กลายเป็นว่าให้ไปออกเสียงประชามติ และมีการพูดให้เห็นด้วยกับรัฐธรรมนูญฉบับปัจจุบัน จึงคิดว่าประชามติดังกล่าวไม่ได้มาจากประชาชนจริงๆ
81,,,,,,"ตอนนั้น จำได้ว่าเลือกเพราะวลี ""รับไปก่อน แก้ทีหลัง"" แต่กลายเป็นว่า การตีความต่างๆ ออกมาแย่กว่าที่คิดอีก"
82,,,,,,ตอนนั้น ไม่มีการพูดถึงเนื้อหา หรือการให้ความรู้กับประชาชนมาก่อน มีการปิดกั้นหลายๆอย่างโดยอ้างความสงบเรียบร้อย จึงประชาชนที่โหวตเห็นด้วยส่วนใหญ่ไม่มีข้อมูลในการประมวลผลและการไตร่ตรองที่ดี สื่อเองก็ถูกปิดกั้น
83,,,,,,ตอนนั้นข้อมูลมันไม่เพียงพอ บางหมู่บ้านก็บอกให้ลูกบ้านตัวเองกาตกลงไปเลย ตอนนั้นไม่มีใครทำความเข้าใจความรู้ไม่มากพอ
84,,,,,,ตอนนั้นเขาบอกว่ารับๆไปก่อน ค่อยแก้ทีหลัง เราไม่คิดว่าจะแก้ยากขนาดนี้
85,,,,,,ตอนนั้นใครเป็นคนบอกให้รับๆไปก่อนค่อยแก้ทีหลัง​ ตอนนี้มันแก้ได้มั้ย​ สว.ไร้ค่าเปลืองงบมันขวางทุกอย่างจนกลายเป็นเดทล็อก​แบบนี้
86,,,,,,ตอนนั้นได้ยินนักการเมืองพูดว่ารับๆไปก่อนค่อยมาแก้ทีหลัง จำได้ติดหู ตอนนั้นไม่อยากให้ประชาชนล้มตาย อีก จึงรับไป เห้อสรุปก้อไม่ได้แก้ หมัดมือประชาชน
87,,,,,,ตอนนั้นบอกว่าแก้ไขได้ แล้วทำไมตอนนี้ถึงจะแก้ไขไม่ได้คะ
88,,,,,,ตอนนั้นเป็นการลงประชามติที่ฉาบฉวยมากๆ ยังไงก็ควรแก้ไขข้อที่เอื้อประโยชน์ให้กับคนบางพวก
89,,,,,,ตอนนั้นเป็นยุค คสช. ผมต้องการนายกที่มาจากการเลือกตั้ง แต่ผมก็ไม่ได้ตระหนัก และอ่านให้ดีว่า จะมี สว.มาช่วยในการโหวต และมีการนับคะแนนแบบนี้ แบบนี้ในที่นี้หมายถึงว่า คะแนนเลือกจากประชาชนไม่กี่คะแนน ก็สามารถที่จะได้เป็น สส. ได้
90,,,,,,ตอนนั้นผ่านประชามติแล้วก็จริงแต่ตอนนี้สถานการณ์​มันเปลี่ยนไปมาก ความรู้และความกล้าแสดงออกของเด็กรุ่นใหม่มีมากขึ้น ทำให้เข้าใจถึงปัญญาการบริหารประเทศที่ล้มเหลว มันคือจุดต่ำสุดของคนในประเทศไทย ถึงเวลาที่จะต้องเปลี่ยนแปลงร่างรัฐธรรมนูญ​ใหม่
91,,,,,,ตอนนั้นพยายามหาที่จะอ่านข้อมูลเกี่ยวกับรัฐธรรมนูญแต่หายากมากเลยเราเลยอาศัยถามผู้ใหญ่เอา คนบางคนเขายังเข้าไม่ถึงข้อมูลอะไรเลยเชื่อว่าคนส่วนใหญ่ที่เห็นชอบเพราะอยากให้ตู่ออกไปซะที
92,,,,,,ตอนนั้นเราคิดว่าเราหาข้อมูลอ่านเยอะแล้วนะ แต่เราไม่เข้าใจมันเลยภาษามันยาก เราไม่เข้าใจด้วยซ้ำว่าคสช.เลือกสว.แล้วมันจะส่งผลยังไง รูปแบบการเลือกตั้งมันจะส่งยังไง เราเลยคิดว่าไม่เป็นไรเรารับไปก่อนถ้าได้รัฐบาลใหม่มามีอะไรไม่ดีเดี๋ยวเขาคงแก้ไขให้ได้ แต่เวลาที่ผ่านมาพิสูจน์แล้วว่ามันไม่จริง ผลของการบังคับใช้รัฐธรรมนูญฉบับนี้มันเบี้ยวมาก มันเอื้อประโยชน์ให้กับคนที่ร่างขึ้นมาอย่างเห็นได้ชัด มันทำให้เราผิดหวังในตัวเองเลยที่ไม่เข้าใจอะไรเลยในตอนนั้น
93,,,,,,"ตอนปี 2559 ยังได้ข้อมูลไม่เพียงพอ 

ไม่คิดว่ารัฐธรรมนูญฉบับนี้จะเอื้อประโยชน์ให้รัฐบาล และทำให้เกิดความไม่เป็นธรรมต่อฝ่ายค้านขนาดนี้ 

อะไรที่เห็นแล้วว่ามันเลวร้ายก็ควรแก้ไข"
94,,,,,,ตอนรณรงค์รับ จำได้ว่ามีการชวนเชื่อว่า รับไปก่อน แล้วอะไรไม่ดีค่อยมาแก้ทีหลังก็ได้ ดังนั้น การจะแก้หรือไม่ ไม่เกี่ยวกับการอ้างเรื่องประชามติเลย
95,,,,,,ตอนลงประชามตินั้น ประชาชนยังไม่เห็นปัญหาจากการใช้รัฐธรรมนูญ​ มาถึงปัจจุบัน เมื่อสังคมพบกับปัญหาแล้ว ย่อมมีความต้องการที่จะแก้ไขปรับปรุงหรืออยากให้ยกเลิกบทบัญญัติในส่วนที่เป็นปัญหานั้น
96,,,,,,ต่อให้ผ่านมาแล้วถ้าประชาชนส่วนใหญ่เห็นสมควรว่าควรมีการแก้ไข ก็สามารถและสมควรที่จะแก้ไขได้ ยังไม่รวมถึงความไม่ชอบธรรมตั้งแต่กระบวนการล่างไปจนถึงการคุกคามประชาชนที่เห็นต่างต้องการให้ vote no ให้เวลานั้น
97,,,,,,ต่อให้ผ่านแล้ว เมื่อนำมาประกาศใช้พอมีปัญหาก็ควรทำการแก้ไขให้ดีขึ้นชัดเจนขึ้น
98,,,,,,ตามหลักรัฐธรรมนูญแล้ว สามารถปรับปรุงแก้ไขรัฐธรรมนูญให้สอดคล้องกับปัญหาบ้านเมืองในเวลานั้นๆได้
99,,,,,,ติดใจตรงการทำงานของสว.ในทางปฏิบัติและที่มา ซึ่งยิ่งทำให้เห็นปัญหาเชิงโครงสร้างการทำงานที่เอื้อให้พวกพ้องได้กุมอำนาจ
100,,,,,,แต่ประชาชนไม่ได้รับข้อมูลเกี่ยวกับรัฐธรรมนูญนั้นอย่างตรงไปตรงมา แถมมีการจับนักกิจกรรมที่ต่อต้านรัฐธรรมนูญทำให้คนกลัวการไม่เห็นด้วยกับรัฐธรรมนูญฉบับนี้ ดังนั้นรัฐธรรมนูญฉบับนี้ไม่มีความชอบธรรม แต่ได้มาจากการที่หลอกลวงและทำทำให้ประชาชนกลัว
101,,,,,,แต่มีการแก้ รัฐธรรมนูญ หลังจากฉบับที่ผ่านประชามติ เสียงต่างๆ รับ version 0 ไม่ใช่ version 0.1 — ทุกอย่างควรเป็นโมฆะ ร่างใหม่ ถามใหม่ รับใหม่
102,,,,,,แต่รัฐธรรมนูญถูกฉีกโดยผู้มีอำนาจเสมอมาทั้งที่ไม่เคยผ่านประชามติเลยสักครั้ง แล้วเหตุใดเราจึงจะขอเป็นผู้เลือกการเปลี่ยนแปลงเองบ้างไม่ได้
103,,,,,,ถ้าใช้แล้วเห็นสิ่งที่ไม่ดี ก็ควรแก้ ไม่ใช่ยึดหลักแต่ไม่ควรแก้
104,,,,,,ถ้าถึงเวลาแก้ก็ต้องแก้ครับ แก้ก็เหมือน update ครับ
105,,,,,,ถ้าประชามติคือการฟังเสียงประชาชน แล้วให้ประชาชนได้มีสิทธิ์เลือกโดยชอบธรรม แล้วทำไมอีกหลายคนไม่ทราบว่า รัฐธรรมนูญเนื้อหาใจความเป็นเช่นไร
106,,,,,,ถ้ามีการเห็นความไม่ชอบธรรมในรัฐธรรมนูญ การแก้ไขควรเกิดขึ้นได้เสมอ
107,,,,,,ถ้ามีประชาชนอยากแก้ไข ก็ควรให้ลงประชามติแก้ไขได้เหมือนกัน
108,,,,,,ถ้าไม่เหมาะสมก็ต้องปรับแก้ให้ถูกต้อง
109,,,,,,ถ้ารัฐธรรมนูญ​ไม่ตอบโจทย์​ของประชาธิปไตย​ ควรต้องเเก้ไข​ได้
110,,,,,,ถ้ารัฐธรรมนูญไม่เป็นธรรมกับทุกฝ่ายควรมีการแก้ใหม่
111,,,,,,ถ้ารัฐธรรมนูญหรือกฎหมายใดเมื่อนำมาบังคับใช้แล้วเกิดปัญหาหรือมีผลกระทบต่อประเทศและประชาชนในทางที่จะก่อให้เกิดความเสียหายมากกว่าจะก่อให้เกิดประโยชน์ ก็ควรแก้ไขได้เสมอ
112,,,,,,ถ้าสิ่งไหนที่ไม่ดี เราควรกลับมาแก้ไข
113,,,,,,ถ้าเห็นความไม่เป็นธรรมในรัฐธรรมนูญ จะต้องแก้ไขได้ เพื่อให้เกิดความเป็นธรรมและเป็นประชาธิปไตยมากที่สุด
114,,,,,,ถ้าให้ข้อมูลรอบด้าน แล้วโหวตใหม่ น่าจะเป็นข้อมูลปัจจุบัน อีกอย่างมีเยาวชนที่ครบ 18 ปีเพิ่มขึ้น โดยฟังเสียงเยาวชนรุ่นใหม่นี้ด้วย
115,,,,,,ถ้าอะไรที่ใช้แล้วเกิดปัญหาก็ควรต้องแก้ไข
116,,,,,,ถือว่ายังเป็น รธน. ที่ยังไม่เป็นธรรมแก่ประชาชน หากมีข้อโต้แย้งในเนื้อหาที่ไม่ชัดเจนการลงประชามติครั้งแรก ต้องขอตรวจสอบ และมีแนวทางแก้ไขได้
117,,,,,,ทุกรัฐธรรมนูญ มีสิทธิเรียกร้องให้มีการแก้ไข อีกทั้งตอนให้มีการเลือกรับร่าง มีการเผยแพร่ของข้อมูลที่เกี่ยวข้องกับร่างรัฐธรรมนูญจากฝั่งผู้ร่างเป็นหลัก และปิดโอกาสให้ฝั่งประชาชนรับรู้และวิจารณ์ในวงกว้าง
118,,,,,,ทุกสิ่งควรมีการปรับปรุงแก้ไขให้ดียิ่งขึ้น ไม่มีสิ่งใดที่ดีที่สุด และดีตลอดไป
119,,,,,,ทุกสิ่งทุกอย่าง ควรสามารถแก้ไขได้ เพื่อพัฒนาต่อๆไป แล้วการแก้ไขควรเป็นไปตามกระบวนการทางประชาธิปไตยที่ยุติธรรม ตามมาตรฐานสากล
120,,,,,,ทุกอย่างควรแก้ไขปรับปรุงให้ดีขึ้นได้
121,,,,,,ทุกอย่างควรต้องมีการปรับปรุงแก้ไขทั้งนั้น
122,,,,,,ทุกอย่างควรมีการปรับปรุงแก้ไขได้ตามสถานการณ์ อีกทั้งรัฐธรรมนูญที่ผ่านประชามตินั้น ให้ข้อมูลน้อยมาก แถมยังมีเบื้องลึกที่คนส่วนใหญ่ไม่เท่าทัน เมื่อผู้คนตื่นรู้ ไม่เห็นด้วย ก็ควรเปิดให้มีการพูดคุย แก้ไขกันได้
123,,,,,,ทุกอย่างต้องมีการปรับปรุงเปลี่ยนแปลง
124,,,,,,ทุกอย่างถ้าไม่ดี ต้องปรับปรุงได้
125,,,,,,ทุกอย่างเปลี่ยนแปลงได้ ไม่ว่าจะเป็นรัฐธรรมนูญ หรือความคิดเห็นของบุคคล
126,,,,,,ทุกอย่างมีการเปลี่ยนแปลงได้ ความคิดเมื่อ2ปีที่แล้วอาจไม่ถูกต้องเสมอไป ลองรับฟังและพิจารณาดูว่าควรมีการเปลี่ยนแปลงหรือไม่ พิจารณาถึงข้อดีข้อเสียที่จะเกิดขึ้น ลองเปิดใจฟัง
127,,,,,,ทุกอย่างมีพลวัตของมัน ถ้าหากรัฐธรรมนูญดีจริง ลองเปิดประชามติอีกครั้งอย่างโปร่งใสและตรวจสอบได้ว่าเห็นด้วยหรือไม่ ถ้าหากเสียงไม่เห็นด้วยมากกว่าให้ถือว่ารัฐธรรมนูญฉบับนี้ไม่เห็นชอบจากประชาชน
128,,,,,,ทุกอย่างย่อมเปลี่ยนแปลงอย่างสม่ำเสมอ ไม่มีสิ่งใดๆในโลก จีรัง ยั่งยืนได้ตลอดกาล ตามกาลเวลา และ ยุคสมัย
129,,,,,,ทุกอย่างสามารถแก้ไขได้คนที่พูดอย่างนั้นคือกลัวเสียอำนาจ
130,,,,,,ทุกอย่างสามารถมีข้อผิดพลาดได้ และเมื่อมีข้อผิดพลาด ต้องสามารถแก้ไขได้แม้ว่าจะผ่านประชามติก็ตาม
131,,,,,,ในเมื่อมันไม่เป็นธรรม ส่งผลเสียก็ควรแก้ไขได้
132,,,,,,ในระหว่างการลงประชามติ ประเทศไม่ได้ปกครองในระบอบประชาธิปไตย
133,,,,,,ในสมัยที่มีการทำประชามติคนยังมีความเข้าใจในรัฐธรรมนูญฉบับนั้นน้อย
134,,,,,,บริบทและสถานการณ์บ้านเมืองเปลี่ยนไป ปชช.ไม่ได้อ่านก่อนรับร่าง
135,,,,,,บางอย่างไม่เคยมีในสมัยก่อนแต่มีในสมัยนี้ และหลายอย่างอาจะมีในอนาคต รัฐธรรมนูณก็ควรปรับแก้ ให้เข้ากับยุคสมัย
136,,,,,,ประชาชนต้องเป็นกำหนดถึงจะถูก
137,,,,,,ประชาชนเปลี่ยนความคิดอยู่เสมอ เมื่อเหตุการณ์เปลี่ยน การใช้ประชามติหลายปีก่อน มาสะท้อนความคิดในปัจจุบัน ไม่น่าจะถูกต้อง
138,,,,,,ประชาชนไม่ได้รับข้อมูลเกี่ยวกับรัฐธรรมนูญที่เพียงพอ และ ไม่คิดว่า ครบ.จะวางแผนเพื่อให้ตัวเองสืบทอดอำนาจ จนบริหารประเทศไม่มีประสิทธิภาพแบบทุกวันนี้
139,,,,,,ประชาชนไม่ได้รับข้อมูลรายละเอียดของ รัฐธรรมนูญ และ คสช. โปรโมทว่าถ้าลงมติให้ผ่าน คสช จะได้รีบจัดให้มีการเลือกตั้ง ในตอนนั้นคิดแย่างเดียวคืออยากให้ คสช ไปให้เร็วที่สุด และรับไว้แล้วค่อยแก้ทีหลัง
140,,,,,,ประชาชนส่วนใหญ่ยังขาดความรู้ความเข้าใจ ไม่มีการถกเถียงข้อดีข้อเสียอย่างตรงไปตรงมาเพื่อให้เข้าถึงและเข้าใจง่าย
141,,,,,,ประชามติ ที่มีคนถูกจับหากพูดข้อเสียหรือออกมาชวนไม่ให้รับ รธน ไม่เรียกว่าประชามติ
142,,,,,,ประชามติครั้งที่แล้ว มีการปิดกั้นการได้รับข้อมูลของประชาชน ไม่มีเวทีเสวนา คนที่ออกมาวิจารณ์ก็ถูกดำเนินคดี
143,,,,,,"ประชามติครั้งนั้นเป็นประชามติที่ไม่แฟร์, อะไรที่เคยดีในอดีต วันนี้อาจไม่ดีก็ได้"
144,,,,,,ประชามติคำถามที่ปลายปิดเกินไป มีทางเลือกแค่ผ่านกับไม่ผ่าน ประชาชนไม่สามารถมีส่วนร่วมในเข้าถึงการแก้ไขรัฐธรรมได้เลย
145,,,,,,ประชามติโดยได้ข้อมูลด้านเดียวไม่มีความยุติธรรม
146,,,,,,ประชามติโดยที่ไม่มีการชี้แจงข้อมูลอย่างชัดเจนต่อสาธารณะชน หรือ จงใจปกปิดข้อมูลที่เกียวข้อง คือการปิดหูปิดตา ปิดความจริง
147,,,,,,"ประชามติที่คนไม่ได้รับข้อมูลหลายด้าน, ประชามติที่คนวิจารณ์โดนจับ ปิดปาก, ประชามติที่โดนบีบว่าถ้าไม่เอาไม่ได้เลือกตั้งนะ"
148,,,,,,ประชามติที่ปิดตาประชาชน รับสารแค่ด้ายเดียว จับคนออกมาอธิบายและเห็นต่าง ไม่ชอบธรรม
149,,,,,,ประชามติที่ปิดหูปิดตาประชาชน มีการรณรงค์​รับร่าง แต่การรณรงค์​ไม่รับร่างหรืออธิบายข้อดีข้อเสียของรัฐธรรมนูญ​น้อยมาก จนแทบไม่มี แถบต่างจังหวัด​คนเฒ่าคนแก่แทบไม่รู้ว่ามันดีหรือไม่ดียังไง ผู้นำชุมชนบอกอย่างไรก็คืออย่างนั้น
150,,,,,,ประชามติที่ไม่ได้ free and fair information ก็นับเป็นประชามติที่แท้จริง เหมือนมัดมือชก
151,,,,,,ประชามติที่ไม่เป็นธรรม จับคนเห็นต่างที่เบือกจะไม่รับเข้าคุก หลอกคนว่าจะเข้ามาเพื่อให้ประเทศสงบสุข แต่ตัวเองทำให้เกิดความแตกแยกอย่างมหาศาล ใช้ทำอานาจรัฐปิดปากคนเห็นต่าง
152,,,,,,ประชามติที่ไม่เป็นธรรม และเอื้ออำนาจอย่างเห็นได้ชัด
153,,,,,,ประชามติที่ไม่เป็นธรรม ให้ข้อมูลกับประชาชนไม่ครบและกำกวม
154,,,,,,ประชามติในครั้งนั้นแทบจะไม่มีการนำเสนอข้อมูล คนส่วนมากอยากให้มีการเลือกตั้งโดยเร็วที่สุด
155,,,,,,"ประชามติในครั้งนั้นไปเป็นไปตามระบอบประชาธิปไตยอย่างแท้จริง เพราะมีการดำเนินการทางกฎหมายกับคนที่สนับสนุนให้ไม่รับร่างรัฐธรรมนูญ

การให้ข่าวสารข้อเท็จจริงเกี่ยวกับข้อดีข้อเสียสำคัญของรัฐธรรมนูญมีน้อยมาก ควรเป็นหน้าที่ของรัฐบาลในขณะนั้นที่จะสนับสนุนให้ประชาชนมีความรู้ความเข้าใจก่อนไปลงคะแนนเสียง"
156,,,,,,ประชามติในตอนที่มีคสช คุมอำนาจ มันไม่เป็นประชาธิปไตย
157,,,,,,ประชามติในภาวะที่สังคมไม่มีทางเลือก และขาดข้อมูลในการตัดสินใจ ควรจะแก้ไขได้
158,,,,,,ประชามติในห้วงเวลาแห่งเผด็จการ ไม่มีการให้ความรู้ความเข้าใจ เป็นการป้อนข้อมูลจาก คสช.ด้านเดียว อีกทั้งคนเบื่อ คสช.เต็มที่จึงมีการโหวตรับไปก่อน เพื่อจะได้เปลี่ยนผู้บริหารสักที(ตอนนั้นมีการบอกว่าถ้า รธน.ฉบับนี้ไม่ผ่านก็ต้องร่างใหม่ ซึ่งไม่รู้ว่าต้องใช้เวลาเท่าไหร่ด้วย)
159,,,,,,ประชามติเป็นความเห็นก่อนใช้ เมื่อใช้แล้วรู้แล้วมันไม่ดีก็ควรแก้ การห้ามไม่ให้แก้คือการปิดกั้น การผ่านประชามติก็แค่การตกลงว่าเราเอาอันนี้มาใช้กันดู ถ้าไม่ดีก็ต้องแก้ได้
160,,,,,,ประชามติไม่ได้ให้ข้อมูลที่มากพอ และคนที่รณรงค์ไม่ให้ลงประชามติก็ถูกจับขังคุก
161,,,,,,ประชามติไม่เป็นธรรม รัฐบาลจับกุมผู้เคลื่อนไหวฝ่ายตรงข้ามไม่ให้ชี้แจงกับประชาชนถึงข้อเสีย คสช.ใช้อำนาจในทางมิชอบ การลงประชามติรับรัฐธรรมนูญนี้เปรียบเสมือนเอากระดาษให้คนตาบอดเซ็น โดยไม่รู้เลยว่ากระดาษนี้กล่าวว่าอะไร
162,,,,,,ประชามติไม่โปร่งใส ทั้งยังไม่ใช่เสียงส่วนมากของประเทศ
163,,,,,,ประชามติไม่โปร่งใส ให้ข้อมูลไม่ครบ จงใจปิดบัง รับแล้วก็ยังเตะถ่วงเลื่อนเวลาเลือกตั้ง สรุปว่าไม่น่าจะเป็นประชามติที่มีคุณภาพและเป็นตัวแทนเสียงที่แท้จริงของประชาชน
164,,,,,,เป็นการผ่านประชามติที่ไม่Valid เพราะให้ข้อมูลกับประชาชนไม่เพียงพอสำหรับการตัดสินใจจริงๆ และยังจัดการกับคนที่ออกมาให้ข้อมูลที่ไม่เป็นประโยชน์กับตนเองอีกด้วย
165,,,,,,"เป็นการผ่านประชามติภายใต้วาทกรรม​ ""รับไปก่อน​ค่อยแก้ทีหลัง​ ให้ประเทศชาติเดินหน้า"""
166,,,,,,เป็นการพูดข้อเท็จจริงเพียงบางส่วน เพราะหากเปิดเสรีในการรณรงค์ไม่รับร่าง ฯ อาจจะได้ข้อมูลในการตัดสินใจมากกว่านี้
167,,,,,,เป็นประชามติก่อนยุคที่ประชาชนจะเห็นว่าคสชจงใจร่างเพื่อให้ตัวเองได้สืบทอดอำนาจ
168,,,,,,เป็นประชามติที่คลุมเครือ และไม่เป็นธรรม ไม่ควรนับเป็นประชามติที่แท้จริง
169,,,,,,เป็นประชามติที่ประชาชนไม่ได้เข้าใจอย่างถ่องเเท้ เหมือนถูกหลอกให้รับๆไปก่อน
170,,,,,,เป็นประชามติที่ไม่ชอบธรรม ปิดบังประชาชน ไม่ให้ข้อมูลเท่าที่ควร
171,,,,,,เป็นไปไม่ได้ที่เวลาเราออกกฎอะไรมาแล้วมันจะสมบูรณ์โดยทันที เมื่อผ่านระยะเวลาและความเข้าใจทำให้การรับรู้มากขึ้น ถ้ากฎมันไม่มีสักยภาพพอ ควรจะปรับเปลี่ยนให้แหมะสมตามยุคตามสมัยของสังคม ตามสถานการณ์โลก เพื่อให้รัฐธรรมนูญมีความทันสมัยตลอดเวลา
172,,,,,,เป็นรัฐธรรมนูญที่ไม่โปร่งใสทำเพื่อคณะคสช ไม่เป็นประชาธิปไตย​
173,,,,,,เป็นเรื่องที่ควรปรับเปลี่ยนตามยุคสมัย
174,,,,,,ผลประชามติน่าสงสัย และการให้ข้อมูลไม่ครบถ้วนตั้งแต่แรก รวมทั้งไม่ยอมการรับการแก้ไขรัฐธรรมนูญแม้รวมรายชื่อได้แล้ว
175,,,,,,ผ่านได้ ก็ต้องแก้ได้ ... ทุกอย่างเมื่อเจอปัญหา ก็ต้องแก้ไข
176,,,,,,ผ่านแบบไม่ชอบธรรม ทำไมจะแก้ไม่ได้ ต่อให้ผ่านแบบชอบธรรม ถ้าใช้ไปแล้วไม่เวิค ก็ต้องแก้ได้
177,,,,,,ผ่านประชามติ ภายใต้กฎหมายพิเศษประกาศใช้อยู่  ทำให้การให้ข้อมูลด้านไม่ดีของรธน.ฉบับนี้ และการรณรงค์ คัดค้าน ถูกดำเนินคดี
178,,,,,,ผ่านประชามติแล้ว แต่ในส่วนการบังคับใช้ถ้ามันไม่เป็นธรรมก็ควรพิจารณาใหม่หรือมีการแก้ไขรัฐธรรมนูญให้ถูกต้อง
179,,,,,,ผ่านประชามติแล้ว แต่เมื่อก่อนมีประชามติ มีคนออกมารณรงค์ให้ไม่เห็นชอบกับร่างรัฐธรรมนูญ ทำไมจึงต้องไปจับไปขัดขวางการกระทำดังกล่าว ถ้าหากเป็นผลดีต่อส่วนรวมจริงก็ควรให้ผู้คนที่ได้รับข่าวสารจากกลุ่มผู้รณรงค์ให้vote noได้พิจารณาเอง ไม่ควรปิดกั้นการรับรู้ข่าวสาร และข้อมูลเกี่ยวกับร่างรัฐธรรมนูญ โดยทั่วไปคนไม่ได้รับรู้ถึงหลักแก่นสารในเนื้อหาร่างรัฐธรรมนูญมากนัก อาจเป็นไปได้ว่าคนส่วนใหญ่ไม่ได้สนใจเท่าไหร่ จึงมีความคิดเห็นว่า เป็นร่างรัฐธรรมนูญที่ได้ผ่านประชามติจริง แต่ผู้ลงประชามติไม่ได้ข้อมูลที่เพียงพอ
180,,,,,,ผ่านประชามติแล้ว แต่รัฐธรรมนูญมีปัญหาก็สามารถแก้ไขให้ดีได้ เราต้องการความยุติธรรม และเท่าเทียมกันมากกว่าทุกวันนี้ เราเป็นผู้เสียภาษี เราต้องการให้ประเทศไทยเจริญมากกว่านี้
181,,,,,,ผ่านเพราะไม่มีทางเลือก คนค้านโดนคุกคาม มันเหมือนเป็นการบังคับให้รับมาด้วยซ้ำ
182,,,,,,ผ่านมาหลายปีสังคม เศรษฐกิจ การเมือง เปลี่ยนไปแล้ว รัฐธรรมนูญที่ไม่สอดคล้องกับสถาณการ์ณ์ปัจจุบันก็ต้องเปลี่ยนเช่นกัน และในการร่างรัฐธรรมนูญใหม่ก็ต้องผ่านกระบวนการลงปนะชามติใหม่ซึ่งจะเป็นเสียงที่จะบอกเองว่ารัฐธรรมนูญที่ร่างใหม่ประชาชนเห็นด้วยหรือไม่
183,,,,,,ผ่านแล้วก็แก้ไขได้ ถ้าการใช้งานจริงมันไม่ได้เรื่องและมีแต่ปัญหา และการที่บอกว่าผ่านประชามตินั้น ก็เกิดจากการที่ประชาชนได้รับข้อมูลเพียงด้านเดียว โดยสื่อกระแสหลักเท่านั้น ถ้าไม่ลงลึกหาข้อมูลจริงๆ จะไม่มีทางรู้ได้เลยว่ามีผลกระทบใดๆตามมาบ้างในการรับร่างครั้งนั้น
184,,,,,,ผ่านแล้วก็ประชามติแก้ใหม่ร่างใหม่ได้
185,,,,,,ผ่านแล้วไม่เป็นประชาธิปไตยก็แก้ไขได้
186,,,,,,พลวัตรทางสังคมมีการขับเคลื่อนอยู่ตลอดเวลา ประชามติที่ผ่านมา ไม่ได้หมายความว่าความเห็นของคนในสังคมหยุดนิ่งและไม่ได้รับการเปลี่ยนแปลง การไม่เกิดการเปลี่ยนแปลงทางความคิดของคนในสังคมเป็นสิ่งที่เป็นไปไม่ได้ สถานการณ์และความต้องการของคนในสังคมเปลี่ยนไป ประชามติควรได้รับพิจารณาใหม่
187,,,,,,พอได้รับข้อมูลจากหลายทิศทางก็พบว่ารัฐธรรมนูญที่ประกาศใช้ได้มาจากความไม่โปร่งใส ห้ามประชาชนสื่อสารประชาสัมพันธ์ก่อนการออกเสียง
188,,,,,,พึ่งมารู้ว่าคนที่เค้าคัดค้านตอนนั้นโดนจับ ทำให้เราไม่ได้ข้อมูลรอบด้าน เพราะงั้นที่ผ่านประชามติ ก็น่าจะเพราะข้อมูลไม่ครบ จะแก้ใหม่ก็ไม่เห็นเป็นไร แค่เปลืองเงิน
189,,,,,,เพราะการลงประชามติเป็นไปด้วยความไม่โปร่งใส ผู้ที่รณรงค์ให้โหวตไม่เห็นชอบไม่มีพื้นที่ให้แสดงความคิดเห็นอย่างเพียงพอ ประชาชนจึงรับทราบข้อมูลเพียงด้านเดียว
190,,,,,,มันเกิดขึ้นในช่วงที่ประชาชนถูกปิดหูปิดตาไม่สามารถรับรู้ความจริงว่าเกิดอะไรขึ้น แต่ตอนนี้ทุกอย่างเกิดการเปลี่ยนแปลง มันจะไม่มีวันเหมือนเดิม
191,,,,,,มันควรแก้ไขได้ เมื่อเห็นความผิดปกติที่ไม่ถูกต้องของรัฐธรรมนูญและการใช้อำนาจของรัฐ
192,,,,,,มันเป็นแค่ประชามติที่มัดมือชก คนที่เค้าลงคะแนนส่วนใหญ่ก็คิดแค่กว่าอยากให้มีการเลือกตั้งเร็วๆแค่นั้นแหละ
193,,,,,,มันผ่านก็จริงแต่คิดว่าเสียงโหวตส่วนใหญ่มาจากการชักจูง และความไม่รู้ ควรให้มีประชามติใหม่โดยสรุปเนื่อหาให้เข้าใจง่ายครบทุกประเด็นไม่หมกเม็ด ไม่มีการแทรกแทรงใดๆทั้งสิ้น ให้สิทธิ์ประชาชนได้ติดสินอย่างแท้จริง
194,,,,,,มีคนที่ลงประชามติ อยากแก้ไขผลโหวตของตัวเอง
195,,,,,,มีคนอีกมากที่ไม่ทราบถึงข้อเสีย และได้รับข้อมูลแต่ด้านดีของรัฐธรรมนูญ แต่เมื่อเวลาผ่านไปเห็นได้ชัดว่ารัฐธรรมนูญฉบับนี้มีปัญหา
196,,,,,,มีประชาชนจำนวนมากที่ไม่ทราบเนื้อหาของรัฐธรรมนูญที่แท้จริง เนื่องจากมีการให้ข้อมูลไม่รอบด้าน การทำประชามติต้องมีการเปิดโอกาสให้สามารถพูดถึงข้อดีข้อเสียของรัฐธรรมนูญเพื่อการตัดสินใจลงคะแนน แต่คนที่ไม่เห็นด้วยกับรัฐธรรมนูญกลับถูกขัดขวางไม่ให้แสดงความคิดเห็นอย่างเสรี
197,,,,,,เมื่อเกิดช่องโหว่หรือปัญหาควรแก้ไขได้
198,,,,,,เมื่อใช้แล้ว ไม่เหมาะสม เกิดการเรียนรู้ความผิดพลาด ก็ควรจะแก้ไข ไม่อย่างนั้น ก็จะผิด จะพังต่อไปเรื่อยๆ
199,,,,,,เมื่อถึงวันนี้แล้วถ้ารู้ว่าอะไรที่ไม่ถูกต้องก็ควรแก้ไข
200,,,,,,เมื่อประชาชนได้รับข้อมูลที่ถูกต้อง และตาสว่างแล้ว ก็มีเหตุผลที่จะต้องมีการแก้ไข
201,,,,,,เมื่อปรากฎปัญหาอย่างชัดเจนก็ต้องแก้ไข​ ไม่เกี่ยวกับประชามติเลย
202,,,,,,เมื่อพบข้อบกพร่องย่อมสามารถแก้ไขได้ ไม่มีใครรู้ผลจนกว่าจะใช้จริงแล้ว
203,,,,,,เมื่อมีข้อขัดแย้งในประเทศ รัฐธรรมนูญที่ประกาศใช้ จึงไม่ใช่ที่ดีที่สุด
204,,,,,,เมื่อมีข้อผิดพลาดย่อมมีการแก้ไข ในเมื่อรัฐธรรมนูญฉบับนี้ไม่เป็นที่ยอมรับของประชาชน สิ่งที่ควรทำที่สุดคือการแก้ไข เพราะมันมีผลกับประชาชนโดยตรง ถ้ารัฐบาลยังไม่ทำการแก้ไขถือเป็นความบกพร่องต่อหน้าที่ หรือหากกระทำการแก้ไขไม่ได้ก็ควรลาออกไป เพื่อให้คนที่มีความรู้ความสามารถเข้ามาทำแทน
205,,,,,,เมื่อมีข้อมูลที่มากขึ้น ผ่านเหตุการณ์ที่ผิดปกติมาหลายอย่าง ควรมีการแก้ไขอย่างยิ่ง
206,,,,,,เมื่อมีประชามติรับรธน.ได้ ก็ควรจะมีประชามติในการแก้ไขได้เช่นกัน สิ่งใดที่ใช้แล้วเห็นข้อผิดพลาดก็ควรได้รับการแก้ไขให้ดีขึ้น
207,,,,,,เมื่อเราได้เห็นและทราบข้อมูลเพิ่มมากขึ้นเเล้วก็อยากปรับปรุงเพราะมีความไม่ชอบธรรม
208,,,,,,เมื่อเราตัดสินด้วยข้อมูลที่จำกัด ตอนนี้เรามีข้อมูลเพิ่มขึ้น ทุกคนมีสิทธิเปลี่ยนใจค่ะ
209,,,,,,เมื่อเราเห็นแล้วว่ากระบวนการที่เกิดขึ้นตามรัฐธรรมนูญได้บริหารจัดการโดยรัฐบาลทหารทั้งหมด การเลือกใช้อำนาจโดยอ้างความชอบธรรมที่คนเคยให้ไว้โดยไม่อาจนึกภาพออกในตอนนั้น จนเห็นภาพในวันนี้แล้ว คนเค้าต้องมีสิทธิเพิกถอนความชอบธรรมที่มองไม่รอบด้าน และก็ชอบที่จะแก้ไขเสียงที่ผิดพลาดของตัวเองได้ด้วย
210,,,,,,เมื่อเห็นข้อเท็จจริงที่เพิ่มขึ้นเห็นผลดี และผลเสียเราควรต้องแก้ไขมิเช่นนั้นจะไม่เกิดการพัฒนา
211,,,,,,เมื่อเห็นชัดเจนแล้วว่ามันไม่ถูกต้องก็ต้องแก้ไข แก้จนกว่าจะถูกต้อง วันนี้มันชัดเจนสุดๆแล้วว่าต้องแก้ไขรัฐธรรมนูญ
212,,,,,,แม้จะผ่านประชามติ แต่ถ้ากระบวนการในรัฐธรรมนูญไม่มีความชอบธรรมจนประชาชนต้องออกมาเรียกร้องให้แก้ไข ก็ต้องกลับมาทบทวนเพื่อหาข้อยุติ
213,,,,,,แม้จะผ่านประชามติแล้ว แต่เมื่อเห็นข้อบกพร่องเสียหายมากมาย ก็ควรแก้ไขได้ ตอนแรกเชื่อมั่นว่า คสช น่าจะมีจิตสำนึกดีกว่านี้ แต่เมื่อเห็นความจริงในตอนนี้แล้ว ก็ผิดหวังมากๆค่ะ
214,,,,,,ไม่ใช่ข้ออ้างในการแก้ไขรัฐธรรมนูญ ในเมื่อรัฐธรรมนูญฉบับนี้ไม่ดีก็ควรยกร่างใหม่ทั้งหมดเพื่อให้ได้รัฐธรรมนูญที่สมบูรณ์และเป็นประชาธิปไตยมากกว่านี้
215,,,,,,ไม่ใช่เหตุผลที่จะนำมาอ้าง เวลาผ่านไป คนเปลี่ยนใจได้ ทั้งจากข้อมูลใหม่ที่ได้รับและสิ่งต่างๆที่เกิดขึ้น ถ้างั้นไม่เอารัฐธรรมนูญฉบับก่อนๆที่มีการลงประชามติมาบ้างหละ เขามีบอกแล้วว่าถ้าคนจำนวนนึงร้องขอก็ควรลองแก้แล้วนำมาทำประชามติใหม่ ยังไม่ได้บอกเลยว่าจะแก้ได้ ถ้าเสียงไม่พอก็ไม่ได้ แต่นี่จะไม่ให้แก้เลย ไม่น่าใช่นะ
216,,,,,,ไม่ได้อยากว่าใคร ผมผิดเองแหละที่ตอนนั้นไม่ศึกษาให้ดี ขอโทษทุกคนครับ
217,,,,,,เราเห็นผลลัพธ์ที่มาจากรัฐธรรมนูญปี60แล้วว่าทำเพื่อสืบทอดอำนาจ คสช. และมีไว้เพื่อกำจัดคนเห็นต่าง
218,,,,,,ไม่แฟร์ ข้อมูลที่ได้รับก่อนหน้านี้กับตอนนี้ไม่เหมือนกัน และได้เห็นผลของการรับร่างมาแล้วว่ารัฐธรรมนูญฉบับนี้เขียนมาเพื่อผู้มีอำนาจได้สืบทอดอำนาจต่อ
219,,,,,,ไม่แฟร์ เพราะตอนนั้นมีการให้ข้อมูลที่น้อยมาก และถึงแม้จะผ่านประชามติมาแล้ว หากมีผู้ที่ไม่เห็นด้วยออกมากันขนาดนี้ก็ควรรับฟัง หรือให้ทำประชามติใหม่
220,,,,,,ในเมื่อรัฐธรรมฉบับนี้มีข้อบกพร่องอยู่มากมาย ก็ควรรีบดำเนินการแก้ไข ไม่ใช่อ้างว่าผ่านประชามติแล้ว ทำเพื่อผลประโยชน์ของผู้มีอำนาจ โดยไม่สนใจเสียงคัดค้านของประชาชนที่เห็นต่าง
221,,,,,,ไม่มีอะไรดีและใช้ได้ไปตลอดชีวิต รัฐธรรมนูญก็เช่นกัน การปรับการแก้ไขก็จะเป็นส่วนที่ช่วยส่งเสริมให้ประเทศ และประชากรมีความพัฒนาที่ดี
222,,,,,,"เมื่อรัฐธรรมนูญถูกนำมาใช้จริงแล้วมีผลไม่เป็นปกติ ก็ควรได้รับการแก้ไข
รวมทั้งมีอีกหลาย ๆ เรื่อง ที่ไม่ได้รับทราบหรือพยายามปิดบังไม่ให้ทราบอีกมากมาย"
223,,,,,,เมื่อทุกสิ่งเมื่อถึงเวลาก็ควรมีการปรับเปลี่ยน เปลี่ยนแปลงกันได้ ถ้าเห็นว่ามีข้อเสีย ข้อบกพร่อง กฎหมายอาญา กฎหมายแพ่ง ก็ยังมีการแก้ไข ปรับเปลี่ยนกันได้ เพื่อให้เหมาะสมกับสภาวะการณ์ที่เปลี่ยนแปลงไป
224,,,,,,ระบบการปกครองไม่มีอะไรที่ดีที่สุด มีแต่เหมาะสมที่สุด ณ ช่วงเวลาหนึ่งของการร่างฯ กับ การใช้จริง/การตีความ ไม่ถูกต้องตามที่หวัง ขึ้นอยู่กับผู้รู้ทางกฎหมายรวมถึงอำนาจการตีความของศาล
225,,,,,,รัฐธรรมนูญฉบับนี้ผ่านประชามติจากการปิดกั้นการรับรู้ข้อดีข้อเสีย และจากการที่คนอยากเลือกตั้งก็เลยคิดว่าให้รัฐธรรมนูญฉบับนี้ผ่าน เพราะคิดว่าเลือกตั้งแล้วจะสามารถแก้ไขรัฐธรรมนูญได้ หลายคนแค่ต้องการเลือกตั้ง เพราะไม่อยากให้คสช.อยู่ต่อ จึงยอมให้รัฐธรรมนูญผ่านโดยขาดความเข้าใจในข้อดีข้อเสียของรัฐธรรมนูญฉบับนี้ และคะแนนเสียงที่ให้รัฐธรรมนูญผ่านประชามติก็ยังไม่ถึงครึ่งของประชากรภายในประเทศทั้งหมด เพราะมีประชากรที่ไม่ได้ไปใช้สิทธิในการลงประชามติในครั้งนั้นอีกเป็นจำนวนมาก
226,,,,,,รัฐธรรมนูญสามารถแก้ไขให้เข้ากับสถานการณ์โลกปัจจุบันได้ และรัฐธรรมนูญที่ไม่เป็นประชาธิปไตยก็จำเป็นต้องมีการแก้ไข
227,,,,,,สิ่งได้ไม่ดีล้วนแก้ไขได้ เมื่อได้รับข้อมูลจริงและรอบด้านขึ้น ทุกคนมีสิทธิ์ที่จะติดสินใจใหม่ได้ ตามหลักการประชาธิปไตย
228,,,,,,ตอนนั้นมีการริดรอนสิทธิเสรีภาพการแสดงออกของผู้เห็นต่าง ใช้กฏหมายมาเป็นเครื่องมือในการปิดปากผู้รณรงค์โหวต NO และด้วยเนื้อหาในตัวของรัฐธรรมนูญเองมีการเขียนขึ้นเพื่อให้แก้ไขได้ยาก ไม่มีความยึดโยงกับประชาชน เอื้อประโยชน์ให้แก่กลุ่มคนที่ถือครองอำนาจอยู่เท่านั้น ขัดกับหลักการพื้นฐานอย่างเช่นอำนาจอธิปไตยควรเป็นของประชาชนทุกคนอย่างสิ้นเชิง รัฐธรรมนูญฉบับนี้จึงไม่มีความชอบธรรม
229,,,,,,ตัวผมเองตอนนั้นไม่ได้มีความรู้และไม่ได้สนใจเหตุการณ์บ้านเมืองเท่าที่ควรจึงโหวตรับร่างรัฐธรรมนูญไปแบบงง
230,,,,,,อยากให้เข้าใจว่าประชามติที่ได้มาด้วยการประชาสัมพันธ์ข้อมูลเพียงด้านเดียวสร้างความเข้าใจผิด และ จับคนที่มาคัดค้านผู้ไม่เห็นด้วยการรับรัฐธรรมนูญในปี60 ไม่ใช่รัฐธรรมนูญที่ออกแบบมาเพื่อประชาชนอย่างแท้จริง
231,,,,,,รัฐธรรมนูญควรสามารถปรับให้เข้ากับความต้องการของคนในแต่ละช่วง การแก้ไขควรเกิดได้ตลอดเวลาหากมีการเรียกร้อง เพราะเมื่อมีคนออกมาเรียกร้องนั่นหมายความว่ารัฐธรรมนูญที่ใช่อยู่นั้นอาจจะมีข้อผิดพลาดหรือไม่เหมาะสมกับคนในช่วงนั้น
232,,,,,,ยังมีการได้รับข้อมูลไม่ทั่วถึง ส่วนตัวเป็น 1 ในคนที่เกิดปี 1995 ตั้งแต่อายุครบมีสิทธิเลือกตั้งก็ไม่ได้ participate ในกระบวนการประชาธิปไตยเลย พอมีการลงประชามติก็เพียงแค่คิดว่าจะได้เลือกตั้งจึงยอมรับ มาทราบทีหลังว่าบุคคลที่ออกมาวิจารณ์รธน.ร่างนี้ก็ถูกปิดกั้น คิดว่าเป็นส่วนนึงเช่นกันที่ทำให้ข้อมูลไม่ทั่วถึง
233,,,,,,ยังมีคนอีกจำนวนมาก(เช่นตัวเราเอง)ที่ยังไม่ได้รับข้อมูลที่ถูกต้องก่อนตัดสินใจลงประชามติ รัฐธรรมนูญที่ได้มาจึงมาจากประชามติที่ขาดความรู้ความเข้าใจในเนื้อหาของรัฐธรรมนูญจริงๆ สมควรที่จะได้รับการแก้ไขใหม่ โดยประชาชนเป็นผู้ร่วมร่างขึ้น
234,,,,,,ยุคสมัยเปลี่ยน อะไรที่ไม่เมคเซ๊นส์ก็ควรเปลี่ยน
235,,,,,,รธน ต้อง แก้ไขได้ ถ้า ปชช ต้องการ
236,,,,,,รธน สามารถแก้ไขได้ทุกเมื่อ และควรทำประชามติใหม่ถ้าต้องการเปลี่ยนแปลง
237,,,,,,รธน. ฉบับปัจจุบันเอื้อต่อการสืบทอดอำนาจของรัฐบาลที่มาจากการเลือกตั้งที่ไม่ปกติ โดยมีสว. 250 เสียงที่มาจากการแต่งตั้งเป็นปัจจัยเกื้อหนุน และเป็นรธน.ที่ไม่เป็นของประชาชนอย่างแท้จริง
238,,,,,,รธน. ปี 60 คือ การมัดมือประชาชนให้ยอมรับ ทั้งเนื้อหาและสาระ ไม่มีความเป็นประชาธิปไตย อำนาจถูกอยู่ในมือผู้ที่เป็นฝ่ายเดียวกับผู้ชนะ หรือ รัฐบาลประยุทธ์เท่านั้น มันไม่ถูกต้องแก้ไข
239,,,,,,รธน.ควรแก้ไขได้ตลอดเวลา
240,,,,,,รธน.ต้องแก้ไขได้ถ้ามันไม่ดี
241,,,,,,ระบอบประชาธิปไตยให้สิทธิและเสียงของประชาชนเป็นผู้ตรวจสอบ และเลือกผู้นำประเทศ หากรธนไม่เป็นที่ชอบธรรม ประชาชนย่อมมีสิทธิที่จะคัดค้านและเป็นส่วนหนึ่งของการบูรณา รธน ให้เหมาะสมกับสถานการณ์ และยุคสมัย
242,,,,,,รัฐธรรมนูญ ควร ต้องให้ ความเป็นธรรม กับทุกคน อย่างเท่าเทียม หากมีคนมาร้องให้แก้ไม่ว่าจะมากหรือน้อยก็ควรต้องแก้เพื่อให้รัฐธรรนูญเกิดความเป็นธรรมให้เกิดความเท่าเทียมกับทุกคนโดยที่ไม่มีใครได้หรือเสียประโยช์ มากกว่าใคร
243,,,,,,รัฐธรรมนูญ ต้องมีการแก้ไขอัพเดทเพื่อให้ทันสมัยอยู่เสมอ และต้องมาจากการลงคะแนนของประชาชน 100% หนึ่งคน หนึ่งคะแนน และมาใช้สิทธิ์มากกว่า 50%
244,,,,,,รัฐธรรมนูญ เป็นของทุกคนในชาติ เป็นพลวัต สามารถแก้ไขได้ตลอดเวลาเพื่อตอบสนองเสียงส่วนใหญ่ของประชาชน
245,,,,,,รัฐธรรมนูญ ไม่สมบูรณ์ ไม่มีความยุติธรรม ในสังคม
246,,,,,,รัฐธรรมนูญ สามารถปรับแก้ ให้ทันเหตุการณ์ปัจจุบันได้
247,,,,,,รัฐธรรมนูญแก้ไขได้ตามกระบวนการ
248,,,,,,รัฐธรรมนูญควรแก้ไขได้เมื่อมีไม่มีความยุติธรรม
249,,,,,,รัฐธรรมนูญควรแก้ไขตามยุคสมัย ควรมีรอบการทำประชามติเรื่อยๆ (เช่นทุก 2 ปี) เพื่อให้เป็นปัจจุบันอยู่เสมอ
250,,,,,,รัฐธรรมนูญควรได้รับการแก้ไขได้ตลอดเวลาแม้จะผ่านการทำประชามติแล้วก็ตาม เพื่อให้ทันต่อการเปลียนแปลงของสังคม
251,,,,,,รัฐธรรมนูญควรปรับปรุง เปลี่ยนแปลงให้เหมาะสมกับสถานการณ์ปัจจุบัน และควรมีความเป็นกลาง ไม่เอื้อผลประโยชน์ต่อฝ่ายใดฝ่ายหนึ่ง เพราะฉะนั้นการแก้ไขรัฐธรรมนูญจึงเป็นสิ่งที่ควรทำได้ และจากการลงประชามติครั้งก่อน ประชาชนบางส่วนอาจะถูกปิดกั้นการเข้าถึงข้อมูล รวมไปถึงไม่ได้รับข้อมูลที่มากพอ ทำให้เกิดการตัดสินใจที่ผิดพลาดได้
252,,,,,,รัฐธรรมนูญควรมีการทบทวน ปรับปรุง หรือแก้ไข ให้มีความยุติธรรมกับประชาชน ทันสมัย ทันเหตุการณ์ปัจจุบันของบ้านเมืองและของโลก
253,,,,,,รัฐธรรมนูญควรสามารถแก้ไขให้เข้ากับสถานการณ์ได้
254,,,,,,รัฐธรรมนูญฉบับที่ผ่านมาไม่มีตัวเลือกมากนัก
255,,,,,,รัฐธรรมนูญฉบับนี้ ไม่เป็นประชาธิปไตย และไม่มีการให้ข้อมูลอย่างครบถ้วนก่อนทำประชามติ จึงไม่มีความชอบธรรม
256,,,,,,รัฐธรรมนูญฉบับนี้กดทับความก้าวหน้าของประเทศและการลงประชามติก็มิได้เปิดให้มีการแสดงความเห็นอย่างกว้างขวางถึงผลดีผลเสียของรัฐธรรมนูญ แในเมื่อวิธีการมันไม่ถูกต้องทำไมถึงไม่เปิดโอกาสให้แก้ไขปรับปรุงให้ดีขึ้นให้สอดคล้องกับบริบทของสังคมมากขึ้น??
257,,,,,,รัฐธรรมนูญฉบับนี้เป็นรัฐธรรมนูญที่เปิดเผยเนื้อหาแค่บางส่วนและส่วนที่เปิดเผยก็อ้างว่าจะเป็นประโยชน์ต่อประชาชน แต่พอเวลาผ่านมาถึงปัจจุบันประชาชนยังไม่ได้รับประโยชน์จากรัฐธรรมนูญฉบับนี้เลย สำหรับคนที่อ้างว่ารธน.ฉบับนี้ผ่านประชามติคุณมองความเป็นจริงแคบไปนะคะ ในประเทศเรายังมีคนอีกมากมายที่เดือดร้อนเพราะอิรธน.ฉบับนี้แหละค่ะ
258,,,,,,รัฐธรรมนูญฉบับนี้ผ่านประชามติโดยการเชื่อว่าต้องรับ จะทำให้ประเทศเดินหน้า และมีการจับคนที่รณรงค์ไม่ให้รับร่างดัวย
259,,,,,,รัฐธรรมนูญฉบับนี้ไม่มีความชอบธรรม ประชาชนไม่ได้รับข้อมูลที่ครบถ้วน การใช้คำที่ทำให้สับสน ตีความได้มาก ทั้งที่ควรจะเข้าใจง่าย คนเห็นต่างถูกรัฐคุกคาม ดำเนินคดี ไม่มีความเป็นประชาธิปไตยโดยสิ้นเชิงทั้งที่มาและกระบวนการ เพราะไม่ได้ยึดโยงกับประชาชน ไม่เปิดโอกาสให้ประชาชนวิจารณ์
260,,,,,,รัฐธรรมนูญฉบับปัจจุบันผ่านประชามติเพราะไม่ได้ให้ข้อมูลประชาชนอย่างครบถ้วน
261,,,,,,รัฐธรรมนูญต้องแก้ไขปรับปรุงได้ ให้ทันสมัยตามกาล และเป็นธรรม
262,,,,,,รัฐธรรมนูญ​ที่เขียนขึ้นเพื่อเอื้อประโยชน์​ต่อคนใดคนหนึ่งหรือกลุ่มคนใดคนหนึ่งควรต้องปรับเปลี่ยน
263,,,,,,รัฐธรรมนูญที่ดีควรมาจากเสียงของประชาชนที่ได้รับข้อมูลเพียงพอ ไม่ใช่ได้รับข้อมูลมาจากฝ่ายเดียว
264,,,,,,รัฐธรรมนูญที่ผ่านประชามติดังกล่าวนั้น ไม่ได้มาจากประชามติที่มาจากความตั้งใจของประชาชนจริงๆ โดยมีการบิดเบือนข้อมูลต่างๆ ทำให้ประชาชนเข้าใจผิด ไม่ว่าจะเป็นสรุปรัฐธรรมนูญที่ส่งให้ประชาชน หรือการที่ข้อมูลต่างๆที่เกี่ยวกับรัฐธรรมนูญที่รัฐได้เผยแพร่มีการใช้ภาษาที่ยากที่จะเข้าใจโดยประชาชนทั่วไป
265,,,,,,"รัฐธรรมนูญที่ไม่เป็นธรรม ต้องเปลี่ยนแปลงได้
รัฐธรรมนูญ สามารถอัพเดตได้"
266,,,,,,รัฐธรรมนูญผ่านประชามติก็จริง เเต่เป็นเสียงที่ไม่เป็นกลางอย่างยิ่งที่สุด จากการมีสว.250เสียงในสภา
267,,,,,,รัฐธรรมนูญผ่านประชามติเชิงบังคับ ให้ประชาชนเห็นชอบ
268,,,,,,รัฐธรรมนูญสามารถอัพเดทใหม่ได้เสมอ ให้เข้ากับยุคสมัย
269,,,,,,รัฐมีเจตนาปกปิดผลกระทบที่จะตามมากับ รธน ฉบับนี้ทำให้ผู้ลงมติไม่มีข้อมูลเพียงพอในการตัดสินใจ ตนเห็นเพียงว่าจะต้องมีการเลือกตั้งโดยเร็วที่สุดเพื่อให้มีนายกจากการเลือกตั้ง ดังนั้นการทำประชามัติโดยไม่ให้ข้อมูลที่ครบทุกด้าน จึงมีผลให้ประชามัติรับร่าง รธน. ฉบับนี้มีฝั่งเห็นด้วยจำนวนมาก
270,,,,,,ร่างรธน.ใหม่และทำประชามติก็เป็นการอัพเดตความคิดเห็นประชาชนในปัจจุบันไง เวลาเปลี่ยน สถานการณ์เปลี่ยน ความคิดเห็นคนก็เปลี่ยนนะ
271,,,,,,ร่างรัฐธรรมนูญฉบับนี้มีที่มากำกวมและไม่ได้ตอบโจทย์ให้คนส่วนใหญ่ในสมัยนี้
272,,,,,,ร่างรัฐธรรมนูญฉบับนี้ไม่เป็นที่ยอมรับเนื่องจากไม่ได้ผ่านประชามติอย่างแท้จริง การให้ผ่านร่างรัฐธรรมนูญฉบับนี้เนื่องจากไม่ทราบถึงกับดัก คสช
273,,,,,,รู้สึกผิดกับตัวเอง ที่ไม่มีความรับผิดชอบกับสิทธิ 1 สิทธิของเรา เป็นหน้าที่เราที่ต้องหาข้อมูลเพิ่มและทำความเข้าใจ เพราะเขาอ้างมันก็ไม่ผิดเลยตามข้อเท็จจริงที่เกิดขึ้น แต่ก็เพราะไม่มีสื่อ ไม่มีคนคิดต่างมาพูดให้ฟังเหมือนทุกวันนี้
274,,,,,,รู้สึกผิดมากที่ตกเป็นเครื่องมือให้คนเอาไปใช้ประโยชน์และอยากขอโทษคนไทยโดยเฉพาะเด็กและเยาวชนที่ออกมาเรียกร้องตอนนี้
275,,,,,,รู้สึกเเบบ มันก็เเก้ได้นิ ทำไมถึงจะเเก้ไม่ได้ เเล้วที่อ้างว่าเเก้ไม่ได้เเล้วนี่คือยังไง กลัวจะเสียผลประโยชน์จากรัฐธรรมนูญหรอ เเก้มันไม่ยากหรอก ขึ้นอยู่กับว่าจะเเก้หรือเปล่าเเค่นั้น
276,,,,,,เราประชาชนเป็นเจ้าของประเทศ การมีส่วนร่วมในบ้านเมืองตลอดเวลาเป็นหน้าที่ของตนเอง ไม่สามารถไว้ใจข้าราชการ นักการเมืองหรือคนของพระราชาได้ อย่านิ่งเฉย บ้านเมืองย่ำแย่เพราะถูกแอบอ้างคำว่าคนของพระราชามามากถึง 88 ปีแล้ว ประชาชนต้องดูแลอำนาจตนเองด้วยตนเอง
277,,,,,,เราเป็นคนนึงที่ศึกษาไม่พอ และเราไม่รู้ว่าจะต้องทำยังไงให้ คสช. ออกไปโดยเร็วกว่าการเลือกตั้ง
278,,,,,,คนเปลี่ยนความคิดได้ตลอดเวลา ยิ่งเวลาเห็นความอยุติธรรมเกิดขึ้นในสังคม
279,,,,,,ในตอนนั้นจะเห็นชอบ แต่ปัจจุบันก็เห็นข้อผิดพลาดมากมาย แถมเป็นข้อผิดพลาดในหลักการ จำเป็นที่จะต้องแก้ไขทั้งฉบับอีกครัง
280,,,,,,ถ้ารัฐธรรมนูญดีจริง ต้องไม่เกิดการละเมิดต่างๆเหมือนกับทุกๆว้นนี้ และประเทศควรจะเจริญก้าวหน้าไปได้ไกลมากๆแล้ว
281,,,,,,ประชาชนต้องมีสิทธิ์ตรวจสอบและเรียกร้องให้แก้ไขได้เสมอ เพราะรัฐธรรมนูญเป็นของประชาชน โดยในกรณีที่ได้มีปชชกว่าแสนคนเข้าชื่อขอแก้ทั้งอีกมากกว่านั้นยังออกมาแสดงจุดยืนผ่านการชุมนุมในปี2563 ชัดเจนแล้วว่าปชชต้องการแก้รัฐธรรมนูญ ซึ่งเป็นหน้าที่รัฐบาลและศาลที่ต้องรับฟังและช่วยเหลือ
282,,,,,,โลกเปลี่ยนไปแล้ว การคำนึงถึงสิทธิมนุษยชน ความเท่าเทียม โปร่งใส ตรวจสอบได้เป็นสิ่งสำคัญ
283,,,,,,วันนั้น กับวันนี้ไม่เหมือนกัน วันนั้นความรู้สึกเหมือนถูกยัดเยียดให้รับ เพราะอยากเลือกตั้งให้เร็วที่สุด ไม่ได้สนใจผลที่จะตามมา วันนี้เข้าใจแล้วว่ามันสำคัญขนาดไหน และอยากกลับไปลงมติใหม่อีกครั้ง
284,,,,,,วิธีการได้มาไม่สุจริต ประชาชนก็ได้ข้อมูลไม่ครบถ้วน เวลาตัดสินใจน้อย ไม่สามารถอ้างได้ว่าทุกคนเห็นชอบเพราะต้องการจริงๆ
285,,,,,,เวลาก็ผ่านไป 4 ปีแล้ว สิ่งรอบตัวเปลี่ยนแปลงตลอดเวลา ความจริงในอดีตบางอย่างถูกเปิดเผย ทำไม รธน จะเปลี่ยนแปลงไม่ได้
286,,,,,,เวลาได้พิสูจน์แล้วว่ารัฐธรรมนูญฉบับนี้ไม่เหมาะสำหรับการใช้บริหารประเทศ ดังนั้นควรมีการแก้ไขรัฐธรรมนูญ
287,,,,,,เวลาเปลี่ยน คนเปลี่ยนใจได้ และคิดว่าคนส่วนใหญ่ที่รับรัฐธรรมนูญตอนทำประชามติไม่ได้รู้ถึงผลกระทบของ สว.
288,,,,,,เวลาผ่านไปหลายปี ทำให้รับรู้เกี่ยวกับข้อเท็จจริงที่เคยทราบในตอนนั้นมากขึ้น จนหลายคนมีความคิดที่เปลี่ยนไป รวมถึงควรมีการแก้ไขให้รัฐธรรมนูญมีความทันกับเหตุการณ์และเป็นธรรมกับทุกฝ่ายมากที่สุด
289,,,,,,เวลามันผ่านไปได้เห็นอะไรหลายอย่าง ตอนที่ลงประชามติมันก็นานแล้ว อยากให้ทำประชามติใหม่จะได้เลิกเอา16.8ล้านเสียงมาพูดวนๆซะที
290,,,,,,สถานการณ์ที่เปลี่ยนไป บริบทที่เปลี่ยนไป การแก้ไขรัฐธรรมนูญให้ตรงกับเจตจำนงของประชาชน และสถานการณ์ปัจจุบันเป็นสิ่งที่สำคัญ
291,,,,,,สถานการณ์​เปลี่ยนไป​แล้ว​ ควรรับฟังความคิดเห็น​ใหม่
292,,,,,,หากไม่โปร่งใสและไม่เป็นธรรมก็ควรมีการแก้ไข
293,,,,,,หากรัฐธรรมนูญฉบับนั้นเอื้อประโยชน์ให้คนกลุ่มหนึ่งมากกว่าการสร้างประโยชน์ให้ส่วนร่วมก็ต้องได้รับการแก้ไข เพราะฉะนั้นกับคนที่อ่างเช่นนั้นควรมา discuss กันในประเด็นที่ว่าทำไมจึงไม่ควรแก้ไข
294,,,,,,เห็นได้ว่าใช้แล้วมีปัญหาควรแก้ใหม่
295,,,,,,ถ้าในเมื่อรัฐธรรมนูญมีข้อบกพร่อง ก็ต้องแก้ไขได้  ไม่มีเหตุผลใดเลยที่จะห้ามไม่ให้มีการแก้ไข
296,,,,,,ให้ดูความจริง ละทิ้งความชื่นชอบหรือเกลียดชังฝ่ายใดฝ่ายหนึ่งไป มองที่ปัจจุบันว่าประเทศเราเดินหน้าหรือถอยหลังอยู่ คุณได้คุณภาพชีวิตดีๆอะไรบ้างจากรัฐบาลชุดนี้ คุณมองไม่เห็นจุดบอดของรัฐธรรมนูญจริงหรือ
297,,,,,,อยากจะให้เปิดใจรับฟังข้อมูลอย่างเป็นกลาง และไม่ตั้งแง่ตั้งแต่เริ่มมาก่อน จะเห็นด้วยไม่เห็นด้วยไม่เป็นไร และโปรดอย่าใช้ความรุนแนงกับผู้ที่เห็นต่าง เพราะทุกคนมีสิทธิ์คิดและเชื่อในหลักการที่ต่างกัน แต่เรามาสามารถอยู่ร่วมกันได้บนความแตกต่างนั้น ถ้าหากมีรัฐธรรมนูญที่เป็นกลาง และการบังคับใช้กฎหมายที่มีประสิทธิภาพและไม่โอนเอียง
298,,,,,,อยากให้กลับไปดูกระบวนการก่อนออกเป็นร่าง รธน. ว่าได้ทำให้ประชาชนมีความเข้าใจมากน้อยเพียงใด โดยเฉพาะที่มาของ สว. ตลอดจนการตีความการเลือกตั้งพวกบัตรเขย่งทั้งหลาย ไม่มีความชัดเจน
299,,,,,,อยากให้เปิดใจรับฟังข้อเรียกร้องของฝั่งที่ต้องการแก้ไข ไม่มีรัฐธรรมนูญใดที่ถูกใจคนทั้งประเทศทั้งฉบับ แต่เราตัองการรัฐธรรมนูญที่เอาผลประโยชน์ สิทธิ และเสรีภาพของประชาชนเป็นที่ตั้ง รัฐบาลที่มีความชอบธรรม คือรัฐบาลที่มาจากการเลือกตั้งของประชาชน แม้จะยังคง สว ไว้ สว ก็ต้องมาจากการเลือกตั้งของประชาชนเช่นกัน อีกนัยหนึ่ง หากรัฐธรรมนูญฉบับล่าสุดดีอยู่แล้ว คงไม่มีใครรวบรวมกันลงชื่อขอแก้ไข้กว่าหนึ่งแสนรายชื่อ
300,,,,,,อยากให้ได้รับข้อมูลที่มากขึ้น และถึงแม้ว่าจะผ่านประชามติแล้ว แต่ถ้าหากเราเห็นว่าไม่ดีก็ควรจะได้รับการแก้ไข
301,,,,,,อยากให้ดูว่าเขาทำได้ตามรัฐธรรมนูญที่ผ่านประชามติหรือไม่ ตั้งแต่ที่เข้ามานี้จนถึงปัจจุบัน รัฐธรรมนูญที่ผ่านประชามติ มีข้อได้ ข้อเสีย ประโยชน์ให้แก่ประชาชนในประเทศและส่วนรวมหรือไม่
302,,,,,,อยากให้ลองคิดใหม่อีกรอบ
303,,,,,,อยากให้หาข้อมูลเพิ่มเติมเกี่ยวกับรัฐธรรมนูญ หาจุดบกพร่องรัฐธรรมนูญให้ดี ถ้ารัฐธรรมนูญมีจุดบกพร่อง ทำให้เสียดุลอำนาจก็ควรแก้ไข
304,,,,,,อย่าขโมยเสียงของผม ที่ผมก็รับร่างตอนนั้นเช่นกัน  แต่ตอนนี้ผมต้องการแก้ไข  ดังนั้นอย่าเอาเสียงของผมที่อยู่ใน 16 ล้านเสียงไปแอบอ้าง เพราะอย่างน้อยๆผมและเพื่อนก็ไม่เอารธน.60แล้ว  และที่น่าสนใจคือแทบทุกคนที่รู้จักที่เคยรับรธน.60 นั้นต้องการแก้ไขรธน.  สัดส่วนคือ 9/10 ที่ต้องการแก้ไขรธน.60  ยังมีเสียงน้อยๆที่ยังจะคงรธน.60 ไว้ แต่น้อยจริงๆ
305,,,,,,อย่านำการลงประชามติที่ปราศจากเสรีภาพในการถกเถียงเรื่องรับ-ไม่รับรัฐธรรมนูญ มาผูกมัดเรื่องการแก้ไขรัฐธรรมนูญในปัจจุบัน
306,,,,,,อะไรที่มันไม่ดี ก็ควรแก้ไขใหม่ให่ดีขึ้น อย่ายึดติดนักเลย
307,,,,,,อะไรที่มันไม่ดีก็ควรแก้ไข
308,,,,,,อะไรที่มันยังไม่ดี ทุกคนมีสิทธิออกมาเรียกร้อง และแก้จนกว่ามันจะดี
309,,,,,,อะไรที่ไม่ดีไม่เป็นธรรมมันต้องแก้ให้ดีขึ้นได้สิ
310,,,,,,อะไรที่ไม่ถูกต้อง ไม่เป็นธรรม มันสมควรได้รับการแก้ไขปรับเปลี่ยน
311,,,,,,อะไรไม่ดี ต้องยอมรับและแก้ไข
312,,,,,,อาจจะได้รับฟังความข้างเดียว หรือมีอคติต่อนักการเมือง
313,,,,,,อาจจะถูกในเวลานั้นๆ แต่ไม่ใช่สำหรับตอนนี้แล้ว